Language,Title,ShortDescription,FullDescription,Video
en-US,Space Dodger,"Dodge cosmic threats, blast alien fleets, and conquer 100 retro arcade levels!","Blast off into a thrilling retro space adventure!

Space Dodger is a fast-paced classic arcade shoot 'em up that tests your reflexes and dodging skills. Take command of your starship, navigate through dense asteroid fields, and battle endless waves of hostile alien fleets across deep space.

Whether you're looking for quick casual action or aiming to master all 100 challenging levels, Space Dodger delivers pure nostalgic arcade excitement with modern, ultra-responsive touch controls.

🚀 KEY FEATURES:
⭐ 100 ACTION-PACKED LEVELS
Embark on an epic cosmic campaign. Each stage brings new enemy formations, dynamic hazards, and intense bullet patterns.
⭐ EPIC BOSS ENCOUNTERS
Face off against powerful alien motherships and bosses with unique attack strategies and movement patterns.
⭐ GLOBAL LEADERBOARDS & WORLD RANKING
Think you're the sharpest pilot in deep space? Compete with players worldwide! Tap the ""WORLD RANKING"" button on the high score screen to access Google Play Games leaderboards, track your rank against top aces across the globe, and fight for the top spot on the universal leaderboard!
⭐ POWERFUL UPGRADES & SHIELD SYSTEMS
Collect in-game power-ups to upgrade your laser firepower, activate impenetrable energy shields, and trigger rapid-fire boosts.
⭐ RETRO PIXEL ART & NOSTALGIC SOUNDTRACK
Experience classic 90s handheld and arcade gaming vibes with handcrafted pixel graphics and dynamic chiptune sound effects.
⭐ 100% OFFLINE PLAY
No Wi-Fi? No internet? No problem! Play anywhere, anytime without an active internet connection.
⭐ INTUITIVE TOUCH CONTROLS
Silky-smooth, responsive controls designed specifically for mobile touchscreens. Easy to learn, challenging to master!

HOW TO PLAY:
- Drag or touch to steer your starship.
- Dodge incoming asteroids, lasers, and enemy ships.
- Collect weapon upgrades and shields to dominate the battlefield.
- Defeat the boss at the end of each sector to unlock new challenges!
- Tap ""WORLD RANKING"" to challenge top pilots and compare your best scores on the global leaderboard!

Gear up, pilot! The galaxy needs a hero. Download Space Dodger now and start dodging!",https://www.youtube.com/watch?v=MUCJ-uLL5cg
tr-TR,Space Dodger,"Kozmik tehditlerden kaç, uzaylı filolarını yok et ve 100 seviyeyi fethet!","Nefes kesici bir retro uzay macerasına atılın!

Space Dodger, reflekslerinizi ve kaçınma becerilerinizi test eden yüksek tempolu klasik bir arcade uzay savaşı oyunudur. Yıldız geminizin kontrolünü ele geçirin, yoğun asteroit tarlalarında ilerleyin ve derin uzaydaki düşman uzaylı filolarıyla savaşın.

İster hızlı bir mola arıyor olun, ister 100 zorlu seviyenin tamamında ustalaşmayı hedefleyin; Space Dodger, modern ve ultra duyarlı dokunmatik kontrollerle saf retro arcade heyecanı sunar.

🚀 ÖNE ÇIKAN ÖZELLİKLER:
⭐ 100 AKSİYON DOLU SEVİYE
Destansı bir kozmik sefere çıkın. Her aşama yeni düşman dizilimleri, dinamik tehlikeler ve yoğun mermi desenleri getirir.
⭐ DESTANSI BOSS SAVAŞLARI
Özgün saldırı stratejilerine ve hareket desenlerine sahip güçlü uzaylı ana gemileriyle ve bölüm sonu canavarlarıyla yüzleşin.
⭐ KÜRESEL LİDER TABLOLARI VE WORLD RANKING
Galaksideki en keskin pilot olduğunuzu mu düşünüyorsunuz? Dünya çapındaki oyuncularla yarışın! Google Play Games lider tablolarına erişmek, dünya sıralamanızı görmek ve evrensel lider tablosunda 1 numaraya yükselmek için skor ekranındaki ""WORLD RANKING"" butonuna dokunun!
⭐ GÜÇLÜ YÜKSELTMELER VE KALKAN SİSTEMLERİ
Lazer ateş gücünüzü yükseltmek, aşılmaz enerji kalkanlarını açmak ve seri ateş desteği tetiklemek için oyun içi güçlendirmeleri toplayın.
⭐ RETRO PİKSEL SANATI VE NOSTALJİK MÜZİKLER
Özenle işlenmiş piksel grafikleri ve dinamik chiptune ses efektleriyle klasik 90'lar arcade oyun atmosferini yaşayın.
⭐ %100 ÇEVRİMDIŞI OYNAMA
İnternet yok mu? Sorun değil! Aktif bir internet bağlantısı olmadan her yerde ve her zaman oynayın.
⭐ SEZGİSEL DOKUNMATİK KONTROLLER
Mobil dokunmatik ekranlar için özel olarak optimize edilmiş akıcı ve hassas kontroller.

NASIL OYNANIR:
- Yıldız geminizi yönlendirmek için sürükleyin veya dokunun.
- Gelen asteroitlerden, lazerlerden ve düşman gemilerinden kaçının.
- Savaşa hükmetmek için silah yükseltmelerini ve kalkanları toplayın.
- Yeni mücadeleleri açmak için sektör sonlarındaki bossları mağlup edin!
- En iyi pilotlara meydan okumak ve küresel skorları karşılaştırmak için ""WORLD RANKING"" butonuna dokunun!

Hazırlan pilot! Galaksinin bir kahramana ihtiyacı var. Space Dodger'ı şimdi indirin ve kaçınmaya başlayın!",https://www.youtube.com/watch?v=MUCJ-uLL5cg
fa,Space Dodger,از خطرات کیهانی جاخالی دهید، بیگانگان را نابود کنید و ۱۰۰ مرحله را فتح کنید!,"به یک ماجراجویی مهیج و نوستالژیک در اعماق فضا پرتاب شوید!

بازی Space Dodger یک اثر کلاسیک آرکید در سبک تیراندازی فضایی با ریتم بسیار سریع است که واکنش‌ها و مهارت‌های جاخالی دادن شما را به چالش می‌کشد. هدایت سفینه ستاره‌ای خود را به دست بگیرید، از میان میدان‌های متراکم سیارک‌ها عبور کنید و با امواج بی‌پایان ناوگان بیگانگان متخاصم مبارزه کنید.

چه به دنبال یک بازی سرگرم‌کننده و سریع باشید و چه هدف شما تسلط بر هر ۱۰۰ مرحله جذاب بازی باشد، Space Dodger با کنترل‌های لمسی فوق‌العاده نرم و مدرن، هیجان ناب بازی‌های آرکید دهه ۹۰ را برای شما به ارمغان می‌آورد.

🚀 ویژگی‌های کلیدی:
⭐ ۱۰۰ مرحله پر از اکشن و چالش
در یک نبرد کیهانی حماسی پیش بروید. هر مرحله شامل آرایش‌های جدید دشمنان، خطرات پویا و شلیک‌های سنگین است.
⭐ رویارویی با غول‌آخرهای قدرتمند (Bosses)
با سفینه‌های مادر غول‌پیکر بیگانگان با الگوهای حرکتی و حملات منحصربه‌فرد مبارزه کنید.
⭐ جدول امتیازات جهانی و رقابت WORLD RANKING
آیا فکر می‌کنید ماهرترین خلبان در کهکشان هستید؟ با بازیکنان سراسر جهان رقابت کنید! دکمه ""WORLD RANKING"" را در صفحه امتیازات لمس کنید تا به جدول امتیازات Google Play Games متصل شده، رتبه جهانی خود را ببینید و برای کسب جایگاه اول دنیا بجنگید!
⭐ ارتقای تسلیحات و سیستم‌های محافظ انرژی
جعبه‌های قدرت را جمع‌آوری کنید تا قدرت لیزر خود را افزایش داده، سپرهای محافظ قدرتمند را فعال کنید و نرخ آتش خود را تقویت نمایید.
⭐ گرافیک پیکسلی رترو و موسیقی متن چیپ‌تون
تجربه نوستالژیک بازی‌های آرکید و کنسول‌های دستی کلاسیک با گرافیک پیکسلی دست‌ساز و افکت‌های صوتی جذاب.
⭐ کاملاً آفلاین و بدون نیاز به اینترنت
بدون وای‌فای و بدون اینترنت، در هر مکان و هر زمان آزادانه بازی کنید.
⭐ کنترل لمسی روان و بهینه‌شده
کنترل‌های لمسی بسیار نرم، دقیق و پاسخگو که به طور اختصاصی برای گوشی‌ها طراحی شده‌اند.

نحوه بازی:
- برای هدایت سفینه خود، انگشتتان را روی صفحه بکشید یا لمس کنید.
- از سیارک‌ها، لیزرها و شلیک‌های ناوگان دشمن جاخالی دهید.
- آیتم‌های ارتقای سلاح و سپرها را بردارید تا قدرت میدان نبرد را در دست بگیرید.
- غول‌آخر انتهای هر بخش را نابود کنید تا چالش‌های بعدی باز شوند!
- برای به چالش کشیدن برترین خلبانان دنیا، دکمه ""WORLD RANKING"" را لمس کنید!

سفینه را آماده کن خلبان! کهکشان به یک قهرمان نیاز دارد. همین حالا Space Dodger را دانلود کن و مانور بده!",https://www.youtube.com/watch?v=MUCJ-uLL5cg
de-DE,Space Dodger,"Weiche Gefahren aus, besiege Alien-Flotten und meistere 100 Arcade-Levels!","Starte in ein packendes Retro-Weltraumabenteuer!

Space Dodger ist ein rasanter klassischer Arcade-Weltraum-Shooter, der deine Reflexe und Ausweichkünste auf die Probe stellt. Übernimm das Kommando über dein Raumschiff, navigiere durch dichte Asteroidenfelder und bekämpfe endlose Wellen feindlicher Alien-Flotten in den Weiten des Kosmos.

Egal ob du eine schnelle Runde suchst oder alle 100 herausfordernden Level meistern willst: Space Dodger bietet pure nostalgische Arcade-Spannung mit moderner, extrem reaktionsschneller Touch-Steuerung.

🚀 HAUPTMERKMALE:
⭐ 100 ACTIONGELADENE LEVEL
Begib dich auf eine epische kosmische Kampagne. Jede Mission bringt neue feindliche Formationen, Gefahren und Schussmuster.
⭐ EPISCHE BOSS-KÄMPFE
Tritt gegen mächtige Alien-Mutterschiffe und Bosse mit einzigartigen Taktiken und Angriffsmustern an.
⭐ GLOBALE BESTENLISTEN & WORLD RANKING
Glaubst du, du bist das beste Flieger-Ass der Galaxie? Miss dich mit Spielern weltweit! Tippe im Highscore-Bildschirm auf ""WORLD RANKING"", um auf die Google Play Games-Bestenlisten zuzugreifen und um Platz 1 zu kämpfen!
⭐ MÄCHTIGE UPGRADES & ENERGIESCHILDE
Sammle Power-ups, um deine Laserfeuerkraft zu verbessern, Schilde zu aktivieren und Schnellfeuer-Boosts auszulösen.
⭐ RETRO-PIXEL-ART & NOSTALGISCHER SOUNDTRACK
Erlebe das Flair klassischer 90er-Jahre-Handhelds und Spielhallen mit handgefertigter Pixelgrafik und Chiptune-Effekten.
⭐ 100% OFFLINE SPIELBAR
Kein WLAN? Kein Internet? Kein Problem! Spiele jederzeit und überall ohne aktive Verbindung.
⭐ INTUITIVE TOUCH-STEUERUNG
Butterweiche, reaktionsschnelle Steuerung, die speziell für mobile Bildschirme entwickelt wurde.

SO WIRD GESPIELT:
- Ziehe oder tippe, um dein Raumschiff zu steuern.
- Weiche Asteroiden, Lasern und feindlichen Schiffen aus.
- Sammle Waffen-Upgrades und Schilde, um das Schlachtfeld zu dominieren.
- Besiege den Boss am Ende jedes Sektors, um neue Level freizuschalten!
- Tippe auf ""WORLD RANKING"", um Piloten weltweit herauszufordern!

Mach dich bereit, Pilot! Die Galaxie braucht einen Helden. Lade Space Dodger jetzt herunter!",https://www.youtube.com/watch?v=MUCJ-uLL5cg
fr-FR,Space Dodger,"Évitez les tirs, éliminez les flottes aliens et conquérez 100 niveaux arcade !","Décollez pour une aventure spatiale rétro palpitante !

Space Dodger est un shoot 'em up d'arcade classique au rythme effréné qui mettra vos réflexes et vos compétences d'esquive à rude épreuve. Prenez les commandes de votre vaisseau stellaire, naviguez à travers de denses champs d'astéroïdes et combattez d'incessantes vagues de flottes extraterrestres.

Que vous cherchiez une partie rapide ou que vous visiez à maîtriser les 100 niveaux palpitants, Space Dodger vous offre le plaisir pur de l'arcade nostalgique avec des commandes tactiles modernes et ultra-réactives.

🚀 CARACTÉRISTIQUES PRINCIPALES :
⭐ 100 NIVEAUX D'ACTION INTENSE
Embarquez pour une campagne cosmique épique. Chaque niveau apporte de nouvelles formations ennemies et des tirs intenses.
⭐ COMBATS DE BOSS ÉPIQUES
Affrontez de redoutables vaisseaux-mères et des boss aux attaques et stratégies uniques.
⭐ CLASSEMENTS MONDIAUX ET WORLD RANKING
Vous pensez être le meilleur pilote de la galaxie ? Défiez des joueurs du monde entier ! Appuyez sur le bouton ""WORLD RANKING"" sur l'écran des scores pour accéder aux classements Google Play Games et viser la 1ère place mondiale !
⭐ AMÉLIORATIONS PUISSANTES ET BOUCLIERS
Collectez des bonus pour améliorer vos lasers, activer des boucliers d'énergie et décupler votre cadence de tir.
⭐ PIXEL ART RÉTRO ET BANDE-SON NOSTALGIQUE
Retrouvez les sensations des jeux d'arcade et consoles portables des années 90 grâce à des graphismes en pixels soignés et des effets chiptune.
⭐ 100 % HORS LIGNE
Pas de Wi-Fi ? Pas de problème ! Jouez partout et à tout moment sans connexion Internet.
⭐ COMMANDES TACTILES INTUITIVES
Des commandes ultra-fluides et réactives spécialement conçues pour les écrans tactiles mobiles.

COMMENT JOUER :
- Glissez ou touchez l'écran pour diriger votre vaisseau.
- Esquivez les astéroïdes, les lasers et les vaisseaux ennemis.
- Ramassez les améliorations d'armes et les boucliers pour dominer l'espace.
- Éliminez le boss de chaque secteur pour débloquer de nouveaux défis !
- Appuyez sur ""WORLD RANKING"" pour comparer vos scores aux meilleurs pilotes mondiaux !

Enfilez votre combinaison, pilote ! La galaxie a besoin d'un héros. Téléchargez Space Dodger dès maintenant !",https://www.youtube.com/watch?v=MUCJ-uLL5cg
es-ES,Space Dodger,"¡Esquiva amenazas cósmicas, destruye flotas alienígenas y supera 100 niveles!","¡Despega hacia una emocionante aventura espacial retro!

Space Dodger es un vertiginoso juego de disparos espacial clásico arcade que pondrá a prueba tus reflejos y habilidad para esquivar. Toma los mandos de tu nave estelar, navega entre densos campos de asteroides y enfréntate a oleadas interminables de flotas alienígenas hostiles.

Tanto si buscas una partida rápida como si aspiras a dominar los 100 desafiantes niveles, Space Dodger te ofrece pura diversión arcade nostálgica con controles táctiles modernos y ultraprecisos.

🚀 CARACTERÍSTICAS PRINCIPALES:
⭐ 100 NIVELES LLENOS DE ACCIÓN
Embárcate en una épica campaña cósmica. Cada nivel ofrece nuevas formaciones enemigas, peligros y patrones de disparo.
⭐ ENFRENTAMIENTOS ÉPICOS CONTRA JEFES
Lucha contra gigantescas naves nodriza alienígenas y jefes con tácticas y patrones de ataque únicos.
⭐ CLASIFICACIÓN GLOBAL Y WORLD RANKING
¿Crees que eres el piloto más rápido de la galaxia? ¡Compite con jugadores de todo el mundo! Toca el botón ""WORLD RANKING"" en la pantalla de récords para acceder a las tablas de Google Play Games y luchar por el puesto número 1 mundial.
⭐ POTENTES MEJORAS Y SISTEMAS DE ESCUDOS
Recoge potenciadores para aumentar el poder de fuego láser, activar escudos impenetrables y disparar ráfagas veloces.
⭐ PIXEL ART RETRO Y BANDA SONORA NOSTÁLGICA
Disfruta de la atmósfera clásica de los arcades y consolas portátiles de los 90 con gráficos pixel art cuidados y efectos chiptune.
⭐ 100% JUGABLE SIN CONEXIÓN
¿Sin Wi-Fi? ¡Sin problema! Juega donde y cuando quieras sin conexión a internet.
⭐ CONTROLES TÁCTILES INTUITIVOS
Controles táctiles ultrasuaves y precisos, optimizados para pantallas táctiles móviles.

CÓMO JUGAR:
- Arrastra o toca la pantalla para mover tu nave espacial.
- Esquiva asteroides, rayos láser y naves enemigas.
- Consigue mejoras de armas y escudos para dominar el combate.
- ¡Derrota al jefe al final de cada sector para desbloquear nuevos niveles!
- ¡Toca ""WORLD RANKING"" para desafiar a los mejores pilotos en el ranking mundial!

¡Prepárate, piloto! La galaxia necesita un héroe. ¡Descarga Space Dodger ahora y empieza a esquivar!",https://www.youtube.com/watch?v=MUCJ-uLL5cg
es-419,Space Dodger,"¡Esquiva amenazas cósmicas, vence naves alienígenas y supera 100 niveles arcade!","¡Despega hacia una emocionante aventura espacial retro!

Space Dodger es un clásico shooter espacial de arcade a toda velocidad que pone a prueba tus reflejos y destreza para esquivar. Toma el control de tu nave estelar, navega entre campos de asteroides y enfréntate a flotas alienígenas en el espacio exterior.

Ya sea para una partida casual rápida o para dominar los 100 desafiantes niveles, Space Dodger te brinda pura adrenalina de arcade retro con controles táctiles modernos y muy fluidos.

🚀 CARACTERÍSTICAS PRINCIPALES:
⭐ 100 NIVELES CARGADOS DE ACCIÓN
Vive una épica campaña cósmica con patrones de disparo intensos y formaciones de enemigos variadas.
⭐ JEFES ESPACIALES IMPONENTES
Enfréntate a colosales naves nodriza alienígenas con estrategias de ataque y movimientos únicos.
⭐ TABLAS GLOBALES Y WORLD RANKING
¿Tienes lo necesario para ser el as de la galaxia? ¡Compite contra pilotos de todo el mundo! Toca ""WORLD RANKING"" en la pantalla de récords para acceder a los marcadores de Google Play Games y pelear por el primer puesto del universo.
⭐ MEJORAS DE ARMAS Y ESCUDOS DE ENERGÍA
Recoge power-ups en el camino para multiplicar tu fuego láser, activar escudos y desatar ráfagas veloces.
⭐ PIXEL ART RETRO Y MÚSICA NOSTÁLGICA
Siente la vibra de los arcades noventeros con gráficos pixel art hechos a mano y efectos de sonido chiptune.
⭐ JUEGA 100% OFFLINE
¿No tienes internet ni datos? ¡No te preocupes! Juega en cualquier momento y lugar sin conexión.
⭐ CONTROLES TÁCTILES FLUIDOS
Control táctil suave y cómodo, diseñado exclusivamente para teléfonos celulares.

CÓMO JUGAR:
- Arrastra el dedo en la pantalla para maniobrar tu nave.
- Esquiva asteroides, disparos láser y naves rivales.
- Recoge potenciadores y escudos para ganar ventaja.
- ¡Vence al jefe de sector para avanzar al siguiente desafío!
- ¡Toca ""WORLD RANKING"" y compara tu récord con jugadores de todo el mundo!

¡Es hora de volar, piloto! La galaxia te necesita. ¡Descarga Space Dodger y entra a la batalla!",https://www.youtube.com/watch?v=MUCJ-uLL5cg
it-IT,Space Dodger,"Schiva minacce cosmiche, distruggi flotte aliene e supera 100 livelli arcade!","Decolla per un'entusiasmante avventura spaziale retrò!

Space Dodger è un classico sparatutto spaziale arcade dal ritmo incalzante che mette alla prova i tuoi riflessi e la tua capacità di schivata. Prendi il comando della tua astronave, attraversa fitti campi di asteroidi e combatti infinite ondate di flotte aliene ostili nello spazio profondo.

Che tu voglia una partita veloce o sia determinato a completare tutti i 100 impegnativi livelli, Space Dodger ti regala pura emozione arcade con controlli touch moderni e ultra-reattivi.

🚀 CARATTERISTICHE PRINCIPALI:
⭐ 100 LIVELLI RICCHI DI AZIONE
Intraprendi un'epica campagna cosmica. Ogni settore introduce nuove formazioni nemiche e fitte piogge di proiettili.
⭐ SCONTRI EPICI CON I BOSS
Affronta poderose navi madri aliene e boss con strategie d'attacco e schemi di movimento unici.
⭐ CLASSIFICA MONDIALE E WORLD RANKING
Pensi di essere il miglior pilota della galassia? Sfida giocatori da tutto il pianeta! Tocca il pulsante ""WORLD RANKING"" nella schermata dei punteggi per accedere alle classifiche di Google Play Games e scalare la vetta!
⭐ POTENTI POTENZIAMENTI E SCUDI
Raccogli i power-up durante il volo per potenziare i tuoi laser, attivare scudi energetici impenetrabili e scatenare raffiche veloci.
⭐ PIXEL ART RETRÒ E COLONNA SONORA NOSTALGICA
Vivi l'atmosfera dei cabinati arcade anni '90 con una dettagliata grafica pixel art ed effetti sonori chiptune.
⭐ 100% OFFLINE
Niente Wi-Fi? Nessun problema! Gioca ovunque e in qualsiasi momento senza connessione a internet.
⭐ CONTROLLI TOUCH INTUITIVI
Controlli touch fluidi, reattivi e calibrati su misura per gli schermi mobili.

COME GIOCARE:
- Trascina o tocca lo schermo per manovrare la tua astronave.
- Schiva asteroidi, raggi laser e navicelle nemiche.
- Raccogli scudi e potenziamenti per dominare lo scontro.
- Sconfiggi il boss finale di ogni settore per sbloccare nuove sfide!
- Tocca ""WORLD RANKING"" per confrontare il tuo record con i migliori piloti del mondo!

Allaccia le cinture, pilota! La galassia ha bisogno di te. Scarica subito Space Dodger!",https://www.youtube.com/watch?v=MUCJ-uLL5cg
pt-BR,Space Dodger,"Desvie de perigos cósmicos, destrua frotas alienígenas e vença 100 níveis!","Decole em uma emocionante aventura espacial retrô!

Space Dodger é um clássico jogo de tiro arcade espacial de ritmo acelerado que testa seus reflexos e habilidades de esquiva. Assuma o comando de sua nave estelar, desvie de campos de asteroides e combata ondas implacáveis de frotas alienígenas no espaço profundo.

Seja para uma jogatina rápida ou para dominar todos os 100 níveis desafiadores, Space Dodger entrega a pura diversão dos fliperamas clássicos com controles de toque modernos e ultra-responsivos.

🚀 PRINCIPAIS RECURSOS:
⭐ 100 NÍVEIS DE PURA AÇÃO
Embarque em uma campanha cósmica épica. Cada fase traz novas formações inimigas e padrões intensos de disparos.
⭐ BATALHAS ÉPICAS CONTRA CHEFÕES
Enfrente naves-mãe alienígenas poderosas e chefes com estratégias de combate e movimentos únicos.
⭐ PLACAR GLOBAL E WORLD RANKING
Acha que é o melhor piloto da galáxia? Dispute com jogadores do mundo todo! Toque no botão ""WORLD RANKING"" na tela de pontuações para acessar os placares do Google Play Games e lutar pelo primeiro lugar universal!
⭐ UPGRADES PODEROSOS E SISTEMA DE ESCUDOS
Colete itens no jogo para aumentar o poder de fogo dos seus lasers, ativar escudos impenetráveis e disparar em ritmo acelerado.
⭐ PIXEL ART RETRÔ E TRILHA CHIPTUNE
Reviva a era de ouro dos fliperamas dos anos 90 com gráficos pixel art detalhados e trilha sonora nostálgica.
⭐ 100% OFFLINE
Sem Wi-Fi? Sem internet? Sem problemas! Jogue onde e quando quiser sem precisar de conexão.
⭐ CONTROLES DE TOQUE INTUITIVOS
Controles suaves, precisos e otimizados especialmente para telas sensíveis ao toque.

COMO JOGAR:
- Arraste ou toque na tela para pilotar sua nave.
- Desvie de asteroides, disparos e naves inimigas.
- Colete melhorias de armas e escudos para dominar o espaço.
- Derrote o chefe ao final de cada setor para desbloquear novos desafios!
- Toque em ""WORLD RANKING"" para comparar seus recordes com os melhores ases do mundo!

Prepare-se, piloto! A galáxia precisa de você. Baixe Space Dodger agora e comece a pilotar!",https://www.youtube.com/watch?v=MUCJ-uLL5cg
pt-PT,Space Dodger,"Desvie-se de ameaças cósmicas, vença frotas alienígenas e supere 100 níveis!","Descole para uma emocionante aventura espacial retro!

Space Dodger é um shoot 'em up clássico de arcada de ritmo frenético que põe à prova os seus reflexos e capacidade de evasão. Pilote a sua nave estelar, desvie-se de densos campos de asteroides e combata vagas infindáveis de frotas alienígenas no espaço sideral.

Quer procure uma sessão rápida ou queira dominar os 100 níveis repletos de desafios, Space Dodger traz a autêntica nostalgia da arcada com controlos táteis modernos e imediatos.

🚀 DESTAQUES DO JOGO:
⭐ 100 NÍVEIS DE PURA AÇÃO
Parta numa expedição cósmica épica com novas formações de inimigos e densos padrões de tiros a cada fase.
⭐ COMBATES ÉPICOS CONTRA CHEFES
Enfrente colossais naves-mãe extraterrestres e bosses dotados de táticas de ataque únicas.
⭐ CLASSIFICAÇÃO GLOBAL E WORLD RANKING
Julga ser o piloto mais hábil do cosmos? Meça forças com jogadores de todo o mundo! Toque no botão ""WORLD RANKING"" no ecrã de recordes para aceder às tabelas do Google Play Games e disputar o 1.º lugar!
⭐ MELHORIAS PODEROSAS E ESCUDOS PROTETORES
Apanhe reforços em voo para incrementar a potência dos lasers, acionar escudos e usufruir de disparo acelerado.
⭐ PIXEL ART RETRO E EFEITOS CHIPTUNE
Reviva o encanto dos videojogos dos anos 90 com gráficos pixel art detalhados e efeitos sonoros nostálgicos.
⭐ JOGUE 100% OFFLINE
Sem ligação à internet? Não há problema! Jogue em qualquer lugar sem restrições de rede.
⭐ CONTROLOS TÁTEIS PRECISOS
Manuseamento suave e ergonómico, concebido expressamente para telemóveis.

COMO JOGAR:
- Arraste ou toque para manobrar a nave estelar.
- Desvie-se de asteroides, raios laser e projéteis inimigos.
- Recolha melhorias bélicas e escudos para assegurar a supremacia.
- Destrua o chefe em cada setor para abrir novos horizontes!
- Prima ""WORLD RANKING"" para desafiar os melhores pilotos à escala planetária!

Ajuste os comandos, piloto! A galáxia aguarda o seu herói. Descarregue já o Space Dodger!",https://www.youtube.com/watch?v=MUCJ-uLL5cg
ru-RU,Space Dodger,"Уворачивайтесь от угроз, уничтожайте пришельцев и пройдите 100 уровней!","Отправляйтесь в захватывающее космическое ретро-приключение!

Space Dodger — это динамичный классический аркадный космический шутер (shoot 'em up), который проверит вашу реакцию и мастерство маневрирования. Возьмите под контроль звездный истребитель, пролетайте сквозь плотные пояса астероидов и сражайтесь с бесчисленными флотилиями враждебных пришельцев.

Ищете быструю игру на пару минут или хотите покорить все 100 непростых уровней? Space Dodger дарит чистый азарт классических аркадных автоматов с современным, отзывчивым сенсорным управлением.

🚀 ГЛАВНЫЕ ОСОБЕННОСТИ:
⭐ 100 ДИНАМИЧНЫХ УРОВНЕЙ
Пройдите масштабную космическую кампанию. Каждый этап встречает вас новыми формациями врагов и шквалом лазерного огня.
⭐ СРАЖЕНИЯ С МОГУЧИМИ БОССАМИ
Сразитесь с огромными флагманскими кораблями пришельцев и боссами с уникальными схемами атак.
⭐ МИРОВЫЕ ТАБЛИЦЫ ЛИДЕРОВ И WORLD RANKING
Считаете себя лучшим асом в галактике? Соревнуйтесь с игроками со всего мира! Нажмите кнопку ""WORLD RANKING"" на экране рекордов, чтобы войти в таблицы лидеров Google Play Games и побороться за 1-е место во вселенной!
⭐ МОЩНЫЕ УЛУЧШЕНИЯ И ЭНЕРГОЩИТЫ
Собирайте бонусы, чтобы усиливать мощность лазеров, активировать несокрушимые энергетические щиты и включать скоростную стрельбу.
⭐ РЕТРО ПИКСЕЛЬ-АРТ И НОСТАЛЬГИЧЕСКИЙ САУНДТРЕК
Ощутите атмосферу портативных консолей и аркад 90-х благодаря детальной пиксельной графике и бодрым чиптюн-эффектам.
⭐ 100% ИГРА БЕЗ ИНТЕРНЕТА
Нет Wi-Fi? Не беда! Играйте где угодно и когда угодно без подключения к сети.
⭐ ПЛАВНОЕ СЕНСОРНОЕ УПРАВЛЕНИЕ
Максимально точное и комфортное управление, специально адаптированное для экранов смартфонов.

КАК ИГРАТЬ:
- Ведите пальцем по экрану, чтобы маневрировать кораблем.
- Уворачивайтесь от астероидов, вражеских лазеров и снарядов.
- Подбирайте щиты и усиления оружия, чтобы доминировать на поле боя.
- Побеждайте боссов в конце каждого сектора, чтобы открыть новые этапы!
- Нажмите ""WORLD RANKING"", чтобы сравнить результаты с пилотами со всей планеты!

Пора на взлет, пилот! Галактике нужен герой. Скачайте Space Dodger прямо сейчас!",https://www.youtube.com/watch?v=MUCJ-uLL5cg
ja-JP,Space Dodger,宇宙の脅威を回避し、エイリアン艦隊を撃破して100のステージを制覇せよ！,"レトロな宇宙の大冒険へ旅立とう！

『Space Dodger』は、反射神経と回避スキルが試されるハイスピードな王道レトロアーケード・シューティングゲームです。戦闘機を操縦し、密集する小惑星群をすり抜け、深宇宙に襲来する敵性エイリアン艦隊の猛攻を打ち破りましょう。

手軽なカジュアルプレイから、全100ステージの完全制覇まで、快適でレスポンス抜群のタッチ操作とともに懐かしい90年代アーケードの興奮をお届けします。

🚀 主な特徴：
⭐ 全100ステージの壮大なキャンペーン
多彩な敵の編隊、宇宙の障害物、激しい弾幕パターンが待ち受ける100のステージ。
⭐ 巨大ボスとの熱い戦闘
固有の攻撃パターンと特殊な動きを持つエイリアンの巨大母艦やボス艦との決戦。
⭐ グローバルリーダーボード＆WORLD RANKING
銀河最速のエースパイロットを目指せ！ハイスコア画面の「WORLD RANKING」ボタンをタップすると、Google Play Gamesのランキングに接続。世界中のプレイヤーとスコアを競い合い、宇宙1位を目指そう！
⭐ 強力な兵装強化とシールドシステム
パワーアップアイテムを獲得してレーザー火力を増強、鉄壁のエネルギーシールドを展開、超連射モードを発動。
⭐ レトロなピクセルアート＆チップチューンBGM
90年代の携帯ゲーム機やゲームセンターを彷彿とさせる、緻密なドット絵と軽快なレトロサウンドエフェクト。
⭐ 完全オフライン対応
Wi-Fiや通信環境がなくても大丈夫！いつでもどこでも通信なしで快適にプレイ可能です。
⭐ スマホに最適化された直感的タッチ操作
指先ひとつでスムーズに機体を誘導できる高精度なモバイル操作性。

遊び方：
- 画面をドラッグまたはタッチして機体を移動。
- 小惑星、敵のレーザー、突撃する敵艦を素早く回避。
- 強化アイテムやシールドを獲得して戦局を有利に。
- 各セクターのボスを倒して新たなステージをアンロック！
- 「WORLD RANKING」をタップして世界の猛者たちに挑戦しよう！

出撃の時だ、パイロット！銀河は君を待っている。『Space Dodger』を今すぐダウンロード！",https://www.youtube.com/watch?v=MUCJ-uLL5cg
ko-KR,Space Dodger,우주 위협을 피하고 외계 함대를 격파하여 100개 레벨을 정복하세요!,"짜릿한 레트로 우주 어드벤처로 출격하세요!

Space Dodger는 빠른 반사신경과 현란한 회피 컨트롤을 시험하는 클래식 아케이드 우주 슈팅 게임입니다. 나만의 우주선을 조종하여 소행성 지대를 돌파하고 우주 깊은 곳에서 몰려오는 적 외계 함대와 맞서 싸우세요.

짧은 시간 즐기는 캐주얼 플레이부터 총 100개의 스테이지 정복까지, 최신 모바일 터치 조작감과 함께 90년대 아케이드의 순수한 재미를 선사합니다.

🚀 주요 게임 특징:
⭐ 액션 가득한 100개의 스테이지
장대한 우주 캠페인에 도전하세요. 각 레벨마다 새로운 적 편대와 박진감 넘치는 탄막 패턴이 펼쳐집니다.
⭐ 거대 보스와의 결전
독창적인 공격 패턴과 움직임을 구사하는 강력한 외계 모함 및 보스들을 격파하세요.
⭐ 글로벌 순위표 & WORLD RANKING 지원
내가 우주 최강의 파일럿일까요? 최고 기록 화면에서 ""WORLD RANKING"" 버튼을 눌러 Google Play Games 랭킹에 접속하고 전 세계 게이머들과 점수를 겨뤄보세요!
⭐ 강력한 무기 업그레이드와 쉴드 시스템
파워업 아이템을 획득하여 레이저 화력을 높이고, 방어 쉴드를 전개하며, 고속 연사 부스트를 발동하세요.
⭐ 정통 레트로 픽셀 아트 및 사운드트랙
장인 정신이 깃든 도트 그래픽과 칩튠 사운드로 90년대 아케이드 감성을 재현했습니다.
⭐ 100% 완전 오프라인 지원
데이터나 와이파이가 없어도 걱정 마세요! 언제 어디서나 인터넷 연결 없이 자유롭게 플레이할 수 있습니다.
⭐ 부드러운 터치 컨트롤
모바일 화면에 완벽하게 최적화된 부드럽고 정확한 반응성의 터치 조작.

게임 방법:
- 화면을 드래그하거나 터치하여 우주선을 조종합니다.
- 날아오는 소행성, 레이저, 적 기체를 피하세요.
- 무기 업그레이드와 쉴드를 획득하여 전투력을 강화합니다.
- 각 구역 끝의 보스를 물리쳐 다음 레벨을 해금하세요!
- ""WORLD RANKING""을 눌러 글로벌 파일럿들의 기록에 도전하세요!

출격 준비 완료, 파일럿! 은하계가 당신을 부릅니다. 지금 Space Dodger를 다운로드하세요!",https://www.youtube.com/watch?v=MUCJ-uLL5cg
zh-CN,Space Dodger,躲避宇宙威胁，摧毁外星舰队，征服100个复古街机关卡！,"启航开启一段惊心动魄的复古太空冒险！

《Space Dodger》是一款快节奏的经典复古街机太空射击游戏，全方位考验您的敏捷反应与走位躲避技巧。指挥您的星际战机，穿梭于危险的小行星带，在深空抵御源源不断的外星敌军舰队。

无论您是想在闲暇之余来局快节奏闯关，还是向全部100个极具挑战的关卡发起冲击，《Space Dodger》都能凭借丝滑精准的现代触控体验，带您重温90年代纯正的街机热血与感动。

🚀 核心特色：
⭐ 100个精心设计的动作关卡
开启波澜壮阔的星际战役。每一关都有全新敌机编队、多变危险和密集弹幕。
⭐ 震撼史诗级巨型首领战
迎战具有独特行动轨迹与致命进攻机制的外星巨型母舰及首领机体。
⭐ 全球排行榜与 WORLD RANKING 竞技
想证明自己是银河系第一王牌飞行员？点击高分榜上的“WORLD RANKING”按钮，即可连线 Google Play Games 排行榜，与全球玩家同台竞技，冲击世界第一！
⭐ 强力武器强化与能量护盾系统
拾取战利品升级激光射速与威力，激活坚不可摧的护盾，解锁超高速疾射风暴。
⭐ 原汁原味复古像素与怀旧配乐
细腻的手绘像素美术结合清脆跃动的芯片音乐（Chiptune），重现掌机黄金时代的经典质感。
⭐ 100% 畅爽离线畅玩
无需 Wi-Fi，无需蜂窝网络！随时随地离线开战，畅享无缝太空对决。
⭐ 流畅精准的移动触控操作
专为移动触屏深度优化的指尖操控，上手零门槛，精通有深度。

操作指南：
- 滑动屏幕控制战机平稳走位。
- 灵活避开袭来的小行星群、敌机碰撞及漫天激光弹幕。
- 拾取掉落的火力强化配件与能量护盾以掌控战局。
- 击溃各个区域终点的巨型首领即可解锁全新挑战！
- 点击“WORLD RANKING”向世界顶尖飞行员发起挑战！

战机已蓄势待发，长官！银河系需要您的守护。立即下载《Space Dodger》体验极速穿梭！",https://www.youtube.com/watch?v=MUCJ-uLL5cg
zh-TW,Space Dodger,躲避宇宙威脅，摧毀外星艦隊，征服100個復古街機關卡！,"啟航展開一段驚心動魄的復古太空冒險！

《Space Dodger》是一款節奏明快的經典復古街機太空射擊遊戲，考驗您的極限反應與靈活閃避技巧。駕馭您的星際戰機，穿梭於密集的隕石群中，在浩瀚深空中擊退洶湧來襲的外星敵軍艦隊。

無論您想在空檔隨時來場痛快對戰，還是以精通全部100個高難度關卡為目標，《Space Dodger》都能透過現代極致靈敏的觸控體驗，重現90年代最純正的街機熱血與樂趣。

🚀 遊戲核心亮點：
⭐ 100個精彩刺激的動作關卡
展開壯麗的星際遠征。每一關皆包含全新的敵機隊形、動態障礙與密集彈幕。
⭐ 史詩級強大首領對決
迎戰具備獨特攻擊模式與飛行軌跡的外星巨型母艦及關底首領。
⭐ 全球排行榜與 WORLD RANKING 挑戰
自認是銀河系最強王牌駕駛員？在得分畫面輕觸「WORLD RANKING」按鈕，立即連線 Google Play Games 排行榜，與世界各地的頂尖玩家爭奪宇宙第1名榮譽！
⭐ 強力火力升級與能量護盾
在戰鬥中收集各類能量道具，強化雷射火力、啟動堅固能量護盾並釋放極速連射。
⭐ 復古像素美學與懷舊電子配樂
匠心手繪的像素圖形結合復古節奏音樂，完美呈現經典掌機與大型電玩的懷舊氛圍。
⭐ 100% 完全支援離線遊玩
沒有 Wi-Fi？沒有網路？完全沒問題！隨時隨地不受連線限制自由暢玩。
⭐ 直覺流暢的觸控手感
針對手機螢幕量身打造的超順滑滑動操控，操控直覺，反應敏捷。

遊戲方式：
- 在螢幕上拖曳或輕觸以操控戰機飛行方向。
- 閃避迎面而來的隕石、雷射光束與敵機撞擊。
- 收集武器升級零件與防護罩以主導戰局。
- 擊敗星區首領即可解鎖後續章節！
- 點擊「WORLD RANKING」挑戰全球最強玩家分數！

準備出擊，隊長！銀河系需要英雄現身。立即下載《Space Dodger》翱翔星際！",https://www.youtube.com/watch?v=MUCJ-uLL5cg
ar,Space Dodger,تفادَ المخاطر الكونية، ودمّر أساطيل الفضائيين وتحدَّ 100 مستوى أركيد!,"انطلق في مغامرة فضائية كلاسيكية تحبس الأنفاس!

لعبة Space Dodger هي لعبة إطلاق نار فضائية بنمط الأركيد الكلاسيكي السريع الذي يختبر سرعة ردود أفعالك وقدرتك على المناورة والتفادي. تحكّم في سفينتك الفضائية، وناور عبر حقول الكويكبات الكثيفة، وقاتل جحافل أساطيل الفضائيين المعادية في أعماق الفضاء.

سواء كنت ترغب في جولة لعب سريعة ومسلية أو تطمح إلى إتقان كافة المستويات المائة، تمنحك Space Dodger إثارة ألعاب الأركيد التسعينية الأصيلة مع تحكم لمسي حديث وفائق السلاسة.

🚀 المميزات الرئيسية:
⭐ 100 مستوى مليء بالحماس
خض غمار حملة فضائية ملحمية. تقدم كل مرحلة تشكيلات جديدة للأعداء وموجات نيران كثيفة.
⭐ مواجهات ملحمية مع الزعماء
واجه سفن الفضائيين الأم العملاقة والزعماء الذين يمتلكون أساليب هجومية وحركات فريدة.
⭐ لوحات الصدارة العالمية وتحدي WORLD RANKING
هل تعتقد أنك أمهر طيار فضاء في المجرة؟ تنافس مع لاعبين من شتى أنحاء العالم! اضغط على زر ""WORLD RANKING"" في شاشة النقاط للدخول إلى لوحات صدارة Google Play Games، وتتبع ترتيبك بين أفضل الطيارين وتنافس على المركز الأول عالمياً!
⭐ ترقيات هائلة ودروع طاقة متطورة
اجمع معززات القوة أثناء المعركة لترقية نيران الليزر وتفعيل دروع حماية منيعة وزيادة سرعة الإطلاق.
⭐ رسومات بكسل كلاسيكية وموسيقى ريترو نوستالجية
عش أجواء ألعاب الأركيد والتسعينات الخالدة مع رسومات بكسل متقنة ومؤثرات صوتية فريدة.
⭐ لعب بدون إنترنت 100%
لا يوجد اتصال واي فاي أو إنترنت؟ لا مشكلة على الإطلاق! العب في أي وقت وفي أي مكان بحرية تامة.
⭐ تحكم لمسي فائق الدقة والسهولة
أدوات تحكم لمسية سلسة وسريعة الاستجابة مصممة خصيصاً لشاشات الهواتف.

طريقة اللعب:
- اسحب أو المس الشاشة لتوجيه سفينتك الفضائية بدقة.
- تفادَ الكويكبات القادمة ورشقات الليزر وسفن الخصوم.
- اجمع ترقيات الأسلحة ودروع الطاقة للسيطرة على ساحة المعركة.
- اقضِ على الزعيم في نهاية كل قطاع لفتح تحديات جديدة!
- اضغط على ""WORLD RANKING"" لمقارنة أرقامك القياسية مع أبطال العالم!

استعد للانطلاق أيها الطيار! المجرة بانتظار بطلها. حمّل Space Dodger الآن وابدأ بالمناورة!",https://www.youtube.com/watch?v=MUCJ-uLL5cg
pl-PL,Space Dodger,"Unikaj zagrożeń, niszcz obcych i pokonaj 100 poziomów retro arcade!","Wyrusz w kosmiczną przygodę retro!

Space Dodger to klasyczna strzelanka kosmiczna shoot 'em up, która przetestuje Twój refleks i zręczność. Przejmij kontrolę nad myśliwcem, lawiruj między asteroidami i walcz z flotami obcych.

Niezależnie czy grasz dla relaksu, czy chcesz zdobyć wszystkie 100 poziomów, Space Dodger zapewnia czyste arcade'owe emocje.

🚀 CECHY GRY:
⭐ 100 POZIOMÓW PEŁNYCH AKCJI
Dynamiczne formacje wrogów i gęsty ogień kosmiczny.
⭐ EPICKIE STARCIA Z BOSSAMI
Potężne statki matki obcych o unikalnych atakach.
⭐ ŚWIATOWE RANKINGI & WORLD RANKING
Dotknij ""WORLD RANKING"", aby rywalizować z pilotami z całego świata w Google Play Games!
⭐ ULEPSZENIA I TARCZE
Zbieraj bonusy, zwiększaj siłę laserów i aktywuj tarcze.
⭐ RETRO PIXEL ART & CHIPTUNE
Klimatyczna grafika pixel art i dźwięki retro lat 90.
⭐ 100% BEZ INTERNETU (OFFLINE)
Graj w dowolnym miejscu i czasie bez sieci.
⭐ PŁYNNE STEROWANIE DOTYKOWE
Precyzyjne i responsywne sterowanie na telefonie.

JAK GRAĆ:
- Przesuwaj palcem, aby sterować statkiem.
- Unikaj asteroid i pocisków wroga.
- Zbieraj ulepszenia i pokonuj bossów!
- Kliknij ""WORLD RANKING"", by sprawdzić miejsce w rankingu!

Do boju, pilocie! Pobierz Space Dodger już teraz!",https://www.youtube.com/watch?v=MUCJ-uLL5cg
nl-NL,Space Dodger,"Ontwijk kosmische gevaren, versla aliens en verover 100 arcade-levels!","Klaar voor een kosmisch retro-avontuur!

Space Dodger is een snelle arcade space shooter die je reflexen test. Bestuur je ruimteschip door asteroïdenvelden en versla buitenaardse vloten in 100 uitdagende levels vol actie.

🚀 BELANGRIJKSTE KENMERKEN:
⭐ 100 ACTIEVOLLE LEVELS
Epische kosmische gevechten met dynamische gevaren.
⭐ EPISCHE BOSS FIGHTS
Neem het op tegen gigantische moederschepen.
⭐ WERELDWIJDE RANGSCHIKKING & WORLD RANKING
Tik op ""WORLD RANKING"" om wereldwijd te concurreren via Google Play Games!
⭐ UPGRADES & ENERGIESCHILDEN
Versterk je lasers en activeer beschermende schilden.
⭐ RETRO PIXEL ART & CHIPTUNE
Authentieke jaren 90 speelhal-sfeer en geluidseffecten.
⭐ 100% OFFLINE SPELEN
Geen internet nodig, speel overal en altijd.
⭐ VLOEIENDE TOUCHBEDIENING
Speciaal afgestemd op mobiele schermen.

HOE TE SPELEN:
- Sleep om je schip te besturen.
- Ontwijk vijanden en verzamel power-ups.
- Versla de baas en check je score via ""WORLD RANKING""!

Download Space Dodger nu en word de ultieme ruimtepiloot!",https://www.youtube.com/watch?v=MUCJ-uLL5cg
sv-SE,Space Dodger,"Undvik kosmiska faror, besegra utomjordingar och klara 100 arkadnivåer!","Lyft mot ett spännande rymdäventyr i retrostil!

Space Dodger är en intensiv klassisk rymdskjutare som utmanar dina reflexer. Navigera genom asteroidfält och besegra fiendeflottor i 100 fartfyllda nivåer.

🚀 FUNKTIONER:
⭐ 100 ACTIONFYLLDA NIVÅER
Ständigt nya utmaningar och fiendeformationer.
⭐ EPISKA BOSSTRIDER
Kämpa mot gigantiska rymdskepp med unika attacker.
⭐ GLOBALA LEDARTAVLOR & WORLD RANKING
Tryck på ""WORLD RANKING"" för att utmana piloter världen över på Google Play Games!
⭐ UPPGRADERINGAR OCH SKÖLDAR
Förbättra din eldkraft och aktivera ogenomträngliga energisköldar.
⭐ RETRO PIXELKONST & CHIPTUNE
Klassisk arkadkänsla från 90-talet.
⭐ 100% OFFLINE-SPEL
Spela när som helst utan internetanslutning.
⭐ SMIDIGA TOUCHKONTROLLER
Optimerad för snabb och exakt mobil navigation.

HUR MAN SPELAR:
- Styr skeppet med fingret.
- Undvik asteroider och fientlig eld.
- Samla power-ups, besegra bossar och klättra på ""WORLD RANKING""!

Galaxen behöver dig! Ladda ner Space Dodger nu!",https://www.youtube.com/watch?v=MUCJ-uLL5cg
id,Space Dodger,"Hindari bahaya kosmis, hancurkan armada alien, dan taklukkan 100 level arcade!","Melesatlah ke petualangan luar angkasa retro yang mendebarkan!

Space Dodger adalah game tembak-menembak arcade klasik serba cepat yang menguji refleks dan keahlian menghindar Anda. Kendalikan pesawat tempur bintang, terobos sabuk asteroid, dan kalahkan armada alien di 100 level seru.

🚀 FITUR UTAMA:
⭐ 100 LEVEL PENUH AKSI
Formasi musuh dinamis dan pola tembakan peluru yang intens.
⭐ PERTEMPURAN BOS EPIK
Hadapi kapal induk alien raksasa dengan serangan unik.
⭐ PAPAN PERINGKAT GLOBAL & WORLD RANKING
Ketuk tombol ""WORLD RANKING"" di layar skor untuk bersaing dengan pilot dari seluruh dunia di Google Play Games!
⭐ UPGRADE SENJATA & PERISAI ENERGI
Kumpulkan power-up untuk memperkuat laser dan mengaktifkan perisai tak tertembus.
⭐ PIXEL ART RETRO & AUDIO NOSTALGIA
Grafis piksel klasik era 90-an dan efek suara chiptune yang seru.
⭐ 100% BISA DIMAINKAN OFFLINE
Tanpa kuota dan tanpa Wi-Fi! Mainkan kapan saja dan di mana saja.
⭐ KONTROL SENTUH RESPONSIF
Sangat mudah dimainkan dengan kontrol sentuh yang mulus di ponsel.

CARA BERMAIN:
- Geser layar untuk mengarahkan pesawat.
- Hindari asteroid dan tembakan musuh.
- Ambil power-up senjata dan kalahkan bos di tiap sektor!
- Ketuk ""WORLD RANKING"" untuk memantau peringkat global Anda!

Buktikan kehebatanmu, pilot! Unduh Space Dodger sekarang juga!",https://www.youtube.com/watch?v=MUCJ-uLL5cg
vi,Space Dodger,"Né tránh hiểm họa vũ trụ, bắn hạ hạm đội ngoài hành tinh và chinh phục 100 màn!","Cất cánh bước vào cuộc phiêu lưu không gian phong cách retro đầy kịch tính!

Space Dodger là tựa game bắn súng arcade cổ điển tốc độ cao thử thách phản xạ và kỹ năng né tránh của bạn. Chỉ huy phi thuyền chiến đấu, vượt qua bão thiên thạch và tiêu diệt hạm đội ngoài hành tinh qua 100 màn chơi nghẹt thở.

🚀 TÍNH NĂNG NỔI BẬT:
⭐ 100 MÀN CHƠI ĐẦY KỊCH TÍNH
Chiến dịch vũ trụ hoành tráng với đội hình địch và bão đạn đa dạng.
⭐ ĐỐI ĐẦU TRÙM (BOSS) HUYỀN THOẠI
Chiến đấu chống lại tàu mẹ khổng lồ với cơ chế tấn công đặc biệt.
⭐ BẢNG XẾP HẠNG TOÀN CẦU & WORLD RANKING
Nhấn nút ""WORLD RANKING"" trên màn hình điểm để so tài cùng các phi công toàn cầu trên Google Play Games!
⭐ NÂNG CẤP HỎA LỰC VÀ LÁ CHẮN
Thu thập vật phẩm để tăng cường súng laser, kích hoạt khiên năng lượng kiên cố.
⭐ ĐỒ HỌA PIXEL RETRO & NHẠC CHIPTUNE
Cảm nhận không khí game thùng thập niên 90 sống động.
⭐ CHƠI HOÀN TOÀN OFFLINE 100%
Không cần Wi-Fi hay 4G! Trải nghiệm game mọi lúc mọi nơi.
⭐ ĐIỀU KHIỂN CẢM ỨNG MƯỢT MÀ
Thao tác lướt ngón tay điều khiển nhạy bén và chuẩn xác.

CÁCH CHƠI:
- Kéo ngón tay trên màn hình để di chuyển phi thuyền.
- Né thiên thạch, tia laser và phi thuyền đối phương.
- Nhặt nâng cấp và tiêu diệt trùm để mở khóa màn mới!
- Nhấn ""WORLD RANKING"" để thách đấu các tay lái hàng đầu thế giới!

Vũ trụ đang cần bạn! Tải ngay Space Dodger và xuất kích!",https://www.youtube.com/watch?v=MUCJ-uLL5cg
th,Space Dodger,หลบหลีกภัยอวกาศ ทำลายกองยานเอเลี่ยน และพิชิต 100 ด่านอาร์เคดสุดมันส์!,"ทะยานสู่อวกาศในการผจญภัยสไตล์เรโทรสุดระทึก!

Space Dodger คือเกมยิงอวกาศสไตล์อาร์เคดคลาสสิกที่รวดเร็ว ท้าทายปฏิกิริยาตอบสนองและการหลบหลีกของคุณ บังคับยานรบฝ่าดงอุกกาบาตและต่อสู้กับกองยานเอเลี่ยนผู้รุกรานใน 100 ด่านสุดท้าทาย

🚀 จุดเด่นของเกม:
⭐ 100 ด่านแอ็กชันสุดมันส์
เผชิญหน้ากับฝูงบินศัตรูและม่านกระสุนสุดเข้มข้นในทุกระดับ
⭐ บอสใหญ่สุดอลังการ
ต่อกรกับยานแม่เอเลี่ยนขนาดยักษ์ที่มีรูปแบบการโจมตีเฉพาะตัว
⭐ กระดานผู้นำระดับโลกและ WORLD RANKING
แตะปุ่ม ""WORLD RANKING"" ที่หน้าคะแนนเพื่อเชื่อมต่อ Google Play Games และชิงอันดับ 1 ของโลก!
⭐ อัปเกรดอาวุธและบาเรียเกราะพลังงาน
เก็บไอเทมเพื่อเพิ่มพลังทำลายล้างของเลเซอร์และเปิดใช้งานเกราะป้องกัน
⭐ พิกเซลอาร์ตเรโทรและเสียงเพลงชิปจูน
สัมผัสบรรยากาศเกมตู้ยุค 90 อันเป็นเอกลักษณ์
⭐ เล่นออฟไลน์ได้ 100%
ไม่ต้องใช้เน็ตหรือ Wi-Fi! สนุกได้ทุกที่ทุกเวลา
⭐ ระบบสัมผัสลื่นไหลควบคุมง่าย
ตอบสนองรวดเร็วแม่นยำ ออกแบบมาเพื่อสมาร์ตโฟนโดยเฉพาะ

วิธีเล่น:
- ลากนิ้วบนหน้าจอเพื่อควบคุมทิศทางยาน
- หลบหลีกอุกกาบาต เลเซอร์ และยานศัตรู
- เก็บไอเทมบัฟอาวุธและปราบบอสประจำด่าน!
- แตะ ""WORLD RANKING"" เพื่อท้าทายสถิติกับนักบินทั่วโลก!

ถึงเวลาออกบินแล้วผู้กล้า! ดาวน์โหลด Space Dodger แล้วลุยเลย!",https://www.youtube.com/watch?v=MUCJ-uLL5cg
hi-IN,Space Dodger,"अंतरिक्ष के खतरों से बचें, एलियन बेड़े को नष्ट करें और 100 स्तरों को जीतें!","एक रोमांचक रेट्रो अंतरिक्ष साहसिक यात्रा पर निकलें!

Space Dodger एक तेज़ गति वाला क्लासिक आर्केड स्पेस शूटर गेम है जो आपकी सजगता और बचने के कौशल की परीक्षा लेता है। अपने स्टारशिप को नियंत्रित करें, उल्कापिंडों के बीच से निकलें और 100 चुनौतीपूर्ण स्तरों में शत्रुतापूर्ण विदेशी बेड़े से लड़ें।

🚀 मुख्य विशेषताएं:
⭐ 100 एक्शन से भरपूर स्तर
दुश्मनों की नई संरचनाएं और तीव्र लेजर हमले।
⭐ शक्तिशाली बॉस मुकाबले
विशाल विदेशी मदरशिप्स और घातक बॉस जहाजों से मुकाबला करें।
⭐ ग्लोबल लीडरबोर्ड और WORLD RANKING
स्कोर स्क्रीन पर ""WORLD RANKING"" बटन दबाएं, Google Play Games लीडरबोर्ड पर दुनिया भर के खिलाड़ियों से मुकाबला करें और नंबर 1 बनें!
⭐ हथियार अपग्रेड और रक्षात्मक शील्ड
अपनी लेजर मारक क्षमता बढ़ाने और ऊर्जा ढाल सक्रिय करने के लिए पावर-अप इकट्ठा करें।
⭐ रेट्रो पिक्सेल आर्ट और क्लासिक संगीत
शानदार 90 के दशक का आर्केड गेमिंग अनुभव।
⭐ 100% ऑफ़लाइन गेम
इंटरनेट या वाई-फाई के बिना कभी भी, कहीं भी खेलें।
⭐ सहज टच नियंत्रण
मोबाइल टचस्क्रीन के लिए विशेष रूप से डिज़ाइन किए गए सटीक और सहज नियंत्रण।

कैसे खेलें:
- जहाज को चलाने के लिए स्क्रीन पर उंगली घुमाएं।
- उल्कापिंडों और दुश्मन के हमलों से बचें।
- अपग्रेड इकट्ठा करें और बॉस को हराएं!
- विश्व स्तर पर अपना स्थान देखने के लिए ""WORLD RANKING"" पर टैप करें!

तैयार हो जाइए पायलट! अभी Space Dodger डाउनलोड करें!",https://www.youtube.com/watch?v=MUCJ-uLL5cg
af,Space Dodger,"Ontwyk kosmiese gevare, skiet uitheemse vlote en verower 100 retro-vlakke!","★ Space Dodger — Afrikaans Edition ★

Blast off into a thrilling retro space adventure!

Space Dodger is a fast-paced classic arcade shoot 'em up that tests your reflexes and dodging skills. Take command of your starship, navigate through dense asteroid fields, and battle endless waves of hostile alien fleets across deep space.

Whether you're looking for quick casual action or aiming to master all 100 challenging levels, Space Dodger delivers pure nostalgic arcade excitement with modern, ultra-responsive touch controls.

🚀 KEY FEATURES:
⭐ 100 ACTION-PACKED LEVELS
Embark on an epic cosmic campaign. Each stage brings new enemy formations, dynamic hazards, and intense bullet patterns.
⭐ EPIC BOSS ENCOUNTERS
Face off against powerful alien motherships and bosses with unique attack strategies and movement patterns.
⭐ GLOBAL LEADERBOARDS & WORLD RANKING
Think you're the sharpest pilot in deep space? Compete with players worldwide! Tap the ""WORLD RANKING"" button on the high score screen to access Google Play Games leaderboards, track your rank against top aces across the globe, and fight for the top spot on the universal leaderboard!
⭐ POWERFUL UPGRADES & SHIELD SYSTEMS
Collect in-game power-ups to upgrade your laser firepower, activate impenetrable energy shields, and trigger rapid-fire boosts.
⭐ RETRO PIXEL ART & NOSTALGIC SOUNDTRACK
Experience classic 90s handheld and arcade gaming vibes with handcrafted pixel graphics and dynamic chiptune sound effects.
⭐ 100% OFFLINE PLAY
No Wi-Fi? No internet? No problem! Play anywhere, anytime without an active internet connection.
⭐ INTUITIVE TOUCH CONTROLS
Silky-smooth, responsive controls designed specifically for mobile touchscreens. Easy to learn, challenging to master!

HOW TO PLAY:
- Drag or touch to steer your starship.
- Dodge incoming asteroids, lasers, and enemy ships.
- Collect weapon upgrades and shields to dominate the battlefield.
- Defeat the boss at the end of each sector to unlock new challenges!
- Tap ""WORLD RANKING"" to challenge top pilots and compare your best scores on the global leaderboard!

Gear up, pilot! The galaxy needs a hero. Download Space Dodger now and start dodging!",https://www.youtube.com/watch?v=MUCJ-uLL5cg
am,Space Dodger,የጠፈር አደጋዎችን ያስወግዱ፣ የባዕድ መርከቦችን ያጥፉ እና 100 ደረጃዎችን ያሸንፉ!,"★ Space Dodger — Amharic Edition ★

Blast off into a thrilling retro space adventure!

Space Dodger is a fast-paced classic arcade shoot 'em up that tests your reflexes and dodging skills. Take command of your starship, navigate through dense asteroid fields, and battle endless waves of hostile alien fleets across deep space.

Whether you're looking for quick casual action or aiming to master all 100 challenging levels, Space Dodger delivers pure nostalgic arcade excitement with modern, ultra-responsive touch controls.

🚀 KEY FEATURES:
⭐ 100 ACTION-PACKED LEVELS
Embark on an epic cosmic campaign. Each stage brings new enemy formations, dynamic hazards, and intense bullet patterns.
⭐ EPIC BOSS ENCOUNTERS
Face off against powerful alien motherships and bosses with unique attack strategies and movement patterns.
⭐ GLOBAL LEADERBOARDS & WORLD RANKING
Think you're the sharpest pilot in deep space? Compete with players worldwide! Tap the ""WORLD RANKING"" button on the high score screen to access Google Play Games leaderboards, track your rank against top aces across the globe, and fight for the top spot on the universal leaderboard!
⭐ POWERFUL UPGRADES & SHIELD SYSTEMS
Collect in-game power-ups to upgrade your laser firepower, activate impenetrable energy shields, and trigger rapid-fire boosts.
⭐ RETRO PIXEL ART & NOSTALGIC SOUNDTRACK
Experience classic 90s handheld and arcade gaming vibes with handcrafted pixel graphics and dynamic chiptune sound effects.
⭐ 100% OFFLINE PLAY
No Wi-Fi? No internet? No problem! Play anywhere, anytime without an active internet connection.
⭐ INTUITIVE TOUCH CONTROLS
Silky-smooth, responsive controls designed specifically for mobile touchscreens. Easy to learn, challenging to master!

HOW TO PLAY:
- Drag or touch to steer your starship.
- Dodge incoming asteroids, lasers, and enemy ships.
- Collect weapon upgrades and shields to dominate the battlefield.
- Defeat the boss at the end of each sector to unlock new challenges!
- Tap ""WORLD RANKING"" to challenge top pilots and compare your best scores on the global leaderboard!

Gear up, pilot! The galaxy needs a hero. Download Space Dodger now and start dodging!",https://www.youtube.com/watch?v=MUCJ-uLL5cg
az-AZ,Space Dodger,"Kosmik təhlükələrdən yayının, yadplanetliləri məhv edin və 100 səviyyəni fəth...","★ Space Dodger — Azerbaijani Edition ★

Blast off into a thrilling retro space adventure!

Space Dodger is a fast-paced classic arcade shoot 'em up that tests your reflexes and dodging skills. Take command of your starship, navigate through dense asteroid fields, and battle endless waves of hostile alien fleets across deep space.

Whether you're looking for quick casual action or aiming to master all 100 challenging levels, Space Dodger delivers pure nostalgic arcade excitement with modern, ultra-responsive touch controls.

🚀 KEY FEATURES:
⭐ 100 ACTION-PACKED LEVELS
Embark on an epic cosmic campaign. Each stage brings new enemy formations, dynamic hazards, and intense bullet patterns.
⭐ EPIC BOSS ENCOUNTERS
Face off against powerful alien motherships and bosses with unique attack strategies and movement patterns.
⭐ GLOBAL LEADERBOARDS & WORLD RANKING
Think you're the sharpest pilot in deep space? Compete with players worldwide! Tap the ""WORLD RANKING"" button on the high score screen to access Google Play Games leaderboards, track your rank against top aces across the globe, and fight for the top spot on the universal leaderboard!
⭐ POWERFUL UPGRADES & SHIELD SYSTEMS
Collect in-game power-ups to upgrade your laser firepower, activate impenetrable energy shields, and trigger rapid-fire boosts.
⭐ RETRO PIXEL ART & NOSTALGIC SOUNDTRACK
Experience classic 90s handheld and arcade gaming vibes with handcrafted pixel graphics and dynamic chiptune sound effects.
⭐ 100% OFFLINE PLAY
No Wi-Fi? No internet? No problem! Play anywhere, anytime without an active internet connection.
⭐ INTUITIVE TOUCH CONTROLS
Silky-smooth, responsive controls designed specifically for mobile touchscreens. Easy to learn, challenging to master!

HOW TO PLAY:
- Drag or touch to steer your starship.
- Dodge incoming asteroids, lasers, and enemy ships.
- Collect weapon upgrades and shields to dominate the battlefield.
- Defeat the boss at the end of each sector to unlock new challenges!
- Tap ""WORLD RANKING"" to challenge top pilots and compare your best scores on the global leaderboard!

Gear up, pilot! The galaxy needs a hero. Download Space Dodger now and start dodging!",https://www.youtube.com/watch?v=MUCJ-uLL5cg
be,Space Dodger,"Ухіляйцеся ад пагроз, знішчайце прышэльцаў і прайдзіце 100 рэтра-ўзроўняў!","★ Space Dodger — Belarusian Edition ★

Blast off into a thrilling retro space adventure!

Space Dodger is a fast-paced classic arcade shoot 'em up that tests your reflexes and dodging skills. Take command of your starship, navigate through dense asteroid fields, and battle endless waves of hostile alien fleets across deep space.

Whether you're looking for quick casual action or aiming to master all 100 challenging levels, Space Dodger delivers pure nostalgic arcade excitement with modern, ultra-responsive touch controls.

🚀 KEY FEATURES:
⭐ 100 ACTION-PACKED LEVELS
Embark on an epic cosmic campaign. Each stage brings new enemy formations, dynamic hazards, and intense bullet patterns.
⭐ EPIC BOSS ENCOUNTERS
Face off against powerful alien motherships and bosses with unique attack strategies and movement patterns.
⭐ GLOBAL LEADERBOARDS & WORLD RANKING
Think you're the sharpest pilot in deep space? Compete with players worldwide! Tap the ""WORLD RANKING"" button on the high score screen to access Google Play Games leaderboards, track your rank against top aces across the globe, and fight for the top spot on the universal leaderboard!
⭐ POWERFUL UPGRADES & SHIELD SYSTEMS
Collect in-game power-ups to upgrade your laser firepower, activate impenetrable energy shields, and trigger rapid-fire boosts.
⭐ RETRO PIXEL ART & NOSTALGIC SOUNDTRACK
Experience classic 90s handheld and arcade gaming vibes with handcrafted pixel graphics and dynamic chiptune sound effects.
⭐ 100% OFFLINE PLAY
No Wi-Fi? No internet? No problem! Play anywhere, anytime without an active internet connection.
⭐ INTUITIVE TOUCH CONTROLS
Silky-smooth, responsive controls designed specifically for mobile touchscreens. Easy to learn, challenging to master!

HOW TO PLAY:
- Drag or touch to steer your starship.
- Dodge incoming asteroids, lasers, and enemy ships.
- Collect weapon upgrades and shields to dominate the battlefield.
- Defeat the boss at the end of each sector to unlock new challenges!
- Tap ""WORLD RANKING"" to challenge top pilots and compare your best scores on the global leaderboard!

Gear up, pilot! The galaxy needs a hero. Download Space Dodger now and start dodging!",https://www.youtube.com/watch?v=MUCJ-uLL5cg
bg,Space Dodger,"Избягвайте космически опасности, унищожавайте извънземни и завладейте 100 нива!","★ Space Dodger — Bulgarian Edition ★

Blast off into a thrilling retro space adventure!

Space Dodger is a fast-paced classic arcade shoot 'em up that tests your reflexes and dodging skills. Take command of your starship, navigate through dense asteroid fields, and battle endless waves of hostile alien fleets across deep space.

Whether you're looking for quick casual action or aiming to master all 100 challenging levels, Space Dodger delivers pure nostalgic arcade excitement with modern, ultra-responsive touch controls.

🚀 KEY FEATURES:
⭐ 100 ACTION-PACKED LEVELS
Embark on an epic cosmic campaign. Each stage brings new enemy formations, dynamic hazards, and intense bullet patterns.
⭐ EPIC BOSS ENCOUNTERS
Face off against powerful alien motherships and bosses with unique attack strategies and movement patterns.
⭐ GLOBAL LEADERBOARDS & WORLD RANKING
Think you're the sharpest pilot in deep space? Compete with players worldwide! Tap the ""WORLD RANKING"" button on the high score screen to access Google Play Games leaderboards, track your rank against top aces across the globe, and fight for the top spot on the universal leaderboard!
⭐ POWERFUL UPGRADES & SHIELD SYSTEMS
Collect in-game power-ups to upgrade your laser firepower, activate impenetrable energy shields, and trigger rapid-fire boosts.
⭐ RETRO PIXEL ART & NOSTALGIC SOUNDTRACK
Experience classic 90s handheld and arcade gaming vibes with handcrafted pixel graphics and dynamic chiptune sound effects.
⭐ 100% OFFLINE PLAY
No Wi-Fi? No internet? No problem! Play anywhere, anytime without an active internet connection.
⭐ INTUITIVE TOUCH CONTROLS
Silky-smooth, responsive controls designed specifically for mobile touchscreens. Easy to learn, challenging to master!

HOW TO PLAY:
- Drag or touch to steer your starship.
- Dodge incoming asteroids, lasers, and enemy ships.
- Collect weapon upgrades and shields to dominate the battlefield.
- Defeat the boss at the end of each sector to unlock new challenges!
- Tap ""WORLD RANKING"" to challenge top pilots and compare your best scores on the global leaderboard!

Gear up, pilot! The galaxy needs a hero. Download Space Dodger now and start dodging!",https://www.youtube.com/watch?v=MUCJ-uLL5cg
bn-BD,Space Dodger,"মহাজাগতিক বিপদ এড়ান, এলিয়েন বহর ধ্বংস করুন এবং ১০০টি রেট্রো লেভেল জয় করুন!","★ Space Dodger — Bengali Edition ★

Blast off into a thrilling retro space adventure!

Space Dodger is a fast-paced classic arcade shoot 'em up that tests your reflexes and dodging skills. Take command of your starship, navigate through dense asteroid fields, and battle endless waves of hostile alien fleets across deep space.

Whether you're looking for quick casual action or aiming to master all 100 challenging levels, Space Dodger delivers pure nostalgic arcade excitement with modern, ultra-responsive touch controls.

🚀 KEY FEATURES:
⭐ 100 ACTION-PACKED LEVELS
Embark on an epic cosmic campaign. Each stage brings new enemy formations, dynamic hazards, and intense bullet patterns.
⭐ EPIC BOSS ENCOUNTERS
Face off against powerful alien motherships and bosses with unique attack strategies and movement patterns.
⭐ GLOBAL LEADERBOARDS & WORLD RANKING
Think you're the sharpest pilot in deep space? Compete with players worldwide! Tap the ""WORLD RANKING"" button on the high score screen to access Google Play Games leaderboards, track your rank against top aces across the globe, and fight for the top spot on the universal leaderboard!
⭐ POWERFUL UPGRADES & SHIELD SYSTEMS
Collect in-game power-ups to upgrade your laser firepower, activate impenetrable energy shields, and trigger rapid-fire boosts.
⭐ RETRO PIXEL ART & NOSTALGIC SOUNDTRACK
Experience classic 90s handheld and arcade gaming vibes with handcrafted pixel graphics and dynamic chiptune sound effects.
⭐ 100% OFFLINE PLAY
No Wi-Fi? No internet? No problem! Play anywhere, anytime without an active internet connection.
⭐ INTUITIVE TOUCH CONTROLS
Silky-smooth, responsive controls designed specifically for mobile touchscreens. Easy to learn, challenging to master!

HOW TO PLAY:
- Drag or touch to steer your starship.
- Dodge incoming asteroids, lasers, and enemy ships.
- Collect weapon upgrades and shields to dominate the battlefield.
- Defeat the boss at the end of each sector to unlock new challenges!
- Tap ""WORLD RANKING"" to challenge top pilots and compare your best scores on the global leaderboard!

Gear up, pilot! The galaxy needs a hero. Download Space Dodger now and start dodging!",https://www.youtube.com/watch?v=MUCJ-uLL5cg
ca,Space Dodger,"Esquiva perills còsmics, destrueix naus alienígenes i supera 100 nivells arcade!","★ Space Dodger — Catalan Edition ★

Blast off into a thrilling retro space adventure!

Space Dodger is a fast-paced classic arcade shoot 'em up that tests your reflexes and dodging skills. Take command of your starship, navigate through dense asteroid fields, and battle endless waves of hostile alien fleets across deep space.

Whether you're looking for quick casual action or aiming to master all 100 challenging levels, Space Dodger delivers pure nostalgic arcade excitement with modern, ultra-responsive touch controls.

🚀 KEY FEATURES:
⭐ 100 ACTION-PACKED LEVELS
Embark on an epic cosmic campaign. Each stage brings new enemy formations, dynamic hazards, and intense bullet patterns.
⭐ EPIC BOSS ENCOUNTERS
Face off against powerful alien motherships and bosses with unique attack strategies and movement patterns.
⭐ GLOBAL LEADERBOARDS & WORLD RANKING
Think you're the sharpest pilot in deep space? Compete with players worldwide! Tap the ""WORLD RANKING"" button on the high score screen to access Google Play Games leaderboards, track your rank against top aces across the globe, and fight for the top spot on the universal leaderboard!
⭐ POWERFUL UPGRADES & SHIELD SYSTEMS
Collect in-game power-ups to upgrade your laser firepower, activate impenetrable energy shields, and trigger rapid-fire boosts.
⭐ RETRO PIXEL ART & NOSTALGIC SOUNDTRACK
Experience classic 90s handheld and arcade gaming vibes with handcrafted pixel graphics and dynamic chiptune sound effects.
⭐ 100% OFFLINE PLAY
No Wi-Fi? No internet? No problem! Play anywhere, anytime without an active internet connection.
⭐ INTUITIVE TOUCH CONTROLS
Silky-smooth, responsive controls designed specifically for mobile touchscreens. Easy to learn, challenging to master!

HOW TO PLAY:
- Drag or touch to steer your starship.
- Dodge incoming asteroids, lasers, and enemy ships.
- Collect weapon upgrades and shields to dominate the battlefield.
- Defeat the boss at the end of each sector to unlock new challenges!
- Tap ""WORLD RANKING"" to challenge top pilots and compare your best scores on the global leaderboard!

Gear up, pilot! The galaxy needs a hero. Download Space Dodger now and start dodging!",https://www.youtube.com/watch?v=MUCJ-uLL5cg
cs-CZ,Space Dodger,"Uhýbejte vesmírným hrozbám, ničte mimozemské flotily a pokořte 100 retro úrovní!","★ Space Dodger — Czech Edition ★

Blast off into a thrilling retro space adventure!

Space Dodger is a fast-paced classic arcade shoot 'em up that tests your reflexes and dodging skills. Take command of your starship, navigate through dense asteroid fields, and battle endless waves of hostile alien fleets across deep space.

Whether you're looking for quick casual action or aiming to master all 100 challenging levels, Space Dodger delivers pure nostalgic arcade excitement with modern, ultra-responsive touch controls.

🚀 KEY FEATURES:
⭐ 100 ACTION-PACKED LEVELS
Embark on an epic cosmic campaign. Each stage brings new enemy formations, dynamic hazards, and intense bullet patterns.
⭐ EPIC BOSS ENCOUNTERS
Face off against powerful alien motherships and bosses with unique attack strategies and movement patterns.
⭐ GLOBAL LEADERBOARDS & WORLD RANKING
Think you're the sharpest pilot in deep space? Compete with players worldwide! Tap the ""WORLD RANKING"" button on the high score screen to access Google Play Games leaderboards, track your rank against top aces across the globe, and fight for the top spot on the universal leaderboard!
⭐ POWERFUL UPGRADES & SHIELD SYSTEMS
Collect in-game power-ups to upgrade your laser firepower, activate impenetrable energy shields, and trigger rapid-fire boosts.
⭐ RETRO PIXEL ART & NOSTALGIC SOUNDTRACK
Experience classic 90s handheld and arcade gaming vibes with handcrafted pixel graphics and dynamic chiptune sound effects.
⭐ 100% OFFLINE PLAY
No Wi-Fi? No internet? No problem! Play anywhere, anytime without an active internet connection.
⭐ INTUITIVE TOUCH CONTROLS
Silky-smooth, responsive controls designed specifically for mobile touchscreens. Easy to learn, challenging to master!

HOW TO PLAY:
- Drag or touch to steer your starship.
- Dodge incoming asteroids, lasers, and enemy ships.
- Collect weapon upgrades and shields to dominate the battlefield.
- Defeat the boss at the end of each sector to unlock new challenges!
- Tap ""WORLD RANKING"" to challenge top pilots and compare your best scores on the global leaderboard!

Gear up, pilot! The galaxy needs a hero. Download Space Dodger now and start dodging!",https://www.youtube.com/watch?v=MUCJ-uLL5cg
da-DK,Space Dodger,"Undvig kosmiske trusler, spræng alien-flåder og erobr 100 retro arkade-niveauer!","★ Space Dodger — Danish Edition ★

Blast off into a thrilling retro space adventure!

Space Dodger is a fast-paced classic arcade shoot 'em up that tests your reflexes and dodging skills. Take command of your starship, navigate through dense asteroid fields, and battle endless waves of hostile alien fleets across deep space.

Whether you're looking for quick casual action or aiming to master all 100 challenging levels, Space Dodger delivers pure nostalgic arcade excitement with modern, ultra-responsive touch controls.

🚀 KEY FEATURES:
⭐ 100 ACTION-PACKED LEVELS
Embark on an epic cosmic campaign. Each stage brings new enemy formations, dynamic hazards, and intense bullet patterns.
⭐ EPIC BOSS ENCOUNTERS
Face off against powerful alien motherships and bosses with unique attack strategies and movement patterns.
⭐ GLOBAL LEADERBOARDS & WORLD RANKING
Think you're the sharpest pilot in deep space? Compete with players worldwide! Tap the ""WORLD RANKING"" button on the high score screen to access Google Play Games leaderboards, track your rank against top aces across the globe, and fight for the top spot on the universal leaderboard!
⭐ POWERFUL UPGRADES & SHIELD SYSTEMS
Collect in-game power-ups to upgrade your laser firepower, activate impenetrable energy shields, and trigger rapid-fire boosts.
⭐ RETRO PIXEL ART & NOSTALGIC SOUNDTRACK
Experience classic 90s handheld and arcade gaming vibes with handcrafted pixel graphics and dynamic chiptune sound effects.
⭐ 100% OFFLINE PLAY
No Wi-Fi? No internet? No problem! Play anywhere, anytime without an active internet connection.
⭐ INTUITIVE TOUCH CONTROLS
Silky-smooth, responsive controls designed specifically for mobile touchscreens. Easy to learn, challenging to master!

HOW TO PLAY:
- Drag or touch to steer your starship.
- Dodge incoming asteroids, lasers, and enemy ships.
- Collect weapon upgrades and shields to dominate the battlefield.
- Defeat the boss at the end of each sector to unlock new challenges!
- Tap ""WORLD RANKING"" to challenge top pilots and compare your best scores on the global leaderboard!

Gear up, pilot! The galaxy needs a hero. Download Space Dodger now and start dodging!",https://www.youtube.com/watch?v=MUCJ-uLL5cg
el-GR,Space Dodger,"Αποφύγετε κοσμικούς κινδύνους, καταστρέψτε εξωγήινους και κατακτήστε 100 πίστες!","★ Space Dodger — Greek Edition ★

Blast off into a thrilling retro space adventure!

Space Dodger is a fast-paced classic arcade shoot 'em up that tests your reflexes and dodging skills. Take command of your starship, navigate through dense asteroid fields, and battle endless waves of hostile alien fleets across deep space.

Whether you're looking for quick casual action or aiming to master all 100 challenging levels, Space Dodger delivers pure nostalgic arcade excitement with modern, ultra-responsive touch controls.

🚀 KEY FEATURES:
⭐ 100 ACTION-PACKED LEVELS
Embark on an epic cosmic campaign. Each stage brings new enemy formations, dynamic hazards, and intense bullet patterns.
⭐ EPIC BOSS ENCOUNTERS
Face off against powerful alien motherships and bosses with unique attack strategies and movement patterns.
⭐ GLOBAL LEADERBOARDS & WORLD RANKING
Think you're the sharpest pilot in deep space? Compete with players worldwide! Tap the ""WORLD RANKING"" button on the high score screen to access Google Play Games leaderboards, track your rank against top aces across the globe, and fight for the top spot on the universal leaderboard!
⭐ POWERFUL UPGRADES & SHIELD SYSTEMS
Collect in-game power-ups to upgrade your laser firepower, activate impenetrable energy shields, and trigger rapid-fire boosts.
⭐ RETRO PIXEL ART & NOSTALGIC SOUNDTRACK
Experience classic 90s handheld and arcade gaming vibes with handcrafted pixel graphics and dynamic chiptune sound effects.
⭐ 100% OFFLINE PLAY
No Wi-Fi? No internet? No problem! Play anywhere, anytime without an active internet connection.
⭐ INTUITIVE TOUCH CONTROLS
Silky-smooth, responsive controls designed specifically for mobile touchscreens. Easy to learn, challenging to master!

HOW TO PLAY:
- Drag or touch to steer your starship.
- Dodge incoming asteroids, lasers, and enemy ships.
- Collect weapon upgrades and shields to dominate the battlefield.
- Defeat the boss at the end of each sector to unlock new challenges!
- Tap ""WORLD RANKING"" to challenge top pilots and compare your best scores on the global leaderboard!

Gear up, pilot! The galaxy needs a hero. Download Space Dodger now and start dodging!",https://www.youtube.com/watch?v=MUCJ-uLL5cg
et,Space Dodger,"Põikle kõrvale kosmilistest ohtudest, hävita tulnukad ja valluta 100 retro ta...","★ Space Dodger — Estonian Edition ★

Blast off into a thrilling retro space adventure!

Space Dodger is a fast-paced classic arcade shoot 'em up that tests your reflexes and dodging skills. Take command of your starship, navigate through dense asteroid fields, and battle endless waves of hostile alien fleets across deep space.

Whether you're looking for quick casual action or aiming to master all 100 challenging levels, Space Dodger delivers pure nostalgic arcade excitement with modern, ultra-responsive touch controls.

🚀 KEY FEATURES:
⭐ 100 ACTION-PACKED LEVELS
Embark on an epic cosmic campaign. Each stage brings new enemy formations, dynamic hazards, and intense bullet patterns.
⭐ EPIC BOSS ENCOUNTERS
Face off against powerful alien motherships and bosses with unique attack strategies and movement patterns.
⭐ GLOBAL LEADERBOARDS & WORLD RANKING
Think you're the sharpest pilot in deep space? Compete with players worldwide! Tap the ""WORLD RANKING"" button on the high score screen to access Google Play Games leaderboards, track your rank against top aces across the globe, and fight for the top spot on the universal leaderboard!
⭐ POWERFUL UPGRADES & SHIELD SYSTEMS
Collect in-game power-ups to upgrade your laser firepower, activate impenetrable energy shields, and trigger rapid-fire boosts.
⭐ RETRO PIXEL ART & NOSTALGIC SOUNDTRACK
Experience classic 90s handheld and arcade gaming vibes with handcrafted pixel graphics and dynamic chiptune sound effects.
⭐ 100% OFFLINE PLAY
No Wi-Fi? No internet? No problem! Play anywhere, anytime without an active internet connection.
⭐ INTUITIVE TOUCH CONTROLS
Silky-smooth, responsive controls designed specifically for mobile touchscreens. Easy to learn, challenging to master!

HOW TO PLAY:
- Drag or touch to steer your starship.
- Dodge incoming asteroids, lasers, and enemy ships.
- Collect weapon upgrades and shields to dominate the battlefield.
- Defeat the boss at the end of each sector to unlock new challenges!
- Tap ""WORLD RANKING"" to challenge top pilots and compare your best scores on the global leaderboard!

Gear up, pilot! The galaxy needs a hero. Download Space Dodger now and start dodging!",https://www.youtube.com/watch?v=MUCJ-uLL5cg
eu-ES,Space Dodger,"Saihestu arrisku kosmikoak, suntsitu estralurtarrak eta gainditu 100 maila!","★ Space Dodger — Basque Edition ★

Blast off into a thrilling retro space adventure!

Space Dodger is a fast-paced classic arcade shoot 'em up that tests your reflexes and dodging skills. Take command of your starship, navigate through dense asteroid fields, and battle endless waves of hostile alien fleets across deep space.

Whether you're looking for quick casual action or aiming to master all 100 challenging levels, Space Dodger delivers pure nostalgic arcade excitement with modern, ultra-responsive touch controls.

🚀 KEY FEATURES:
⭐ 100 ACTION-PACKED LEVELS
Embark on an epic cosmic campaign. Each stage brings new enemy formations, dynamic hazards, and intense bullet patterns.
⭐ EPIC BOSS ENCOUNTERS
Face off against powerful alien motherships and bosses with unique attack strategies and movement patterns.
⭐ GLOBAL LEADERBOARDS & WORLD RANKING
Think you're the sharpest pilot in deep space? Compete with players worldwide! Tap the ""WORLD RANKING"" button on the high score screen to access Google Play Games leaderboards, track your rank against top aces across the globe, and fight for the top spot on the universal leaderboard!
⭐ POWERFUL UPGRADES & SHIELD SYSTEMS
Collect in-game power-ups to upgrade your laser firepower, activate impenetrable energy shields, and trigger rapid-fire boosts.
⭐ RETRO PIXEL ART & NOSTALGIC SOUNDTRACK
Experience classic 90s handheld and arcade gaming vibes with handcrafted pixel graphics and dynamic chiptune sound effects.
⭐ 100% OFFLINE PLAY
No Wi-Fi? No internet? No problem! Play anywhere, anytime without an active internet connection.
⭐ INTUITIVE TOUCH CONTROLS
Silky-smooth, responsive controls designed specifically for mobile touchscreens. Easy to learn, challenging to master!

HOW TO PLAY:
- Drag or touch to steer your starship.
- Dodge incoming asteroids, lasers, and enemy ships.
- Collect weapon upgrades and shields to dominate the battlefield.
- Defeat the boss at the end of each sector to unlock new challenges!
- Tap ""WORLD RANKING"" to challenge top pilots and compare your best scores on the global leaderboard!

Gear up, pilot! The galaxy needs a hero. Download Space Dodger now and start dodging!",https://www.youtube.com/watch?v=MUCJ-uLL5cg
fi-FI,Space Dodger,"Väistä kosmisia vaaroja, tuhoa avaruuslaivueet ja valloita 100 retro-tasoa!","★ Space Dodger — Finnish Edition ★

Blast off into a thrilling retro space adventure!

Space Dodger is a fast-paced classic arcade shoot 'em up that tests your reflexes and dodging skills. Take command of your starship, navigate through dense asteroid fields, and battle endless waves of hostile alien fleets across deep space.

Whether you're looking for quick casual action or aiming to master all 100 challenging levels, Space Dodger delivers pure nostalgic arcade excitement with modern, ultra-responsive touch controls.

🚀 KEY FEATURES:
⭐ 100 ACTION-PACKED LEVELS
Embark on an epic cosmic campaign. Each stage brings new enemy formations, dynamic hazards, and intense bullet patterns.
⭐ EPIC BOSS ENCOUNTERS
Face off against powerful alien motherships and bosses with unique attack strategies and movement patterns.
⭐ GLOBAL LEADERBOARDS & WORLD RANKING
Think you're the sharpest pilot in deep space? Compete with players worldwide! Tap the ""WORLD RANKING"" button on the high score screen to access Google Play Games leaderboards, track your rank against top aces across the globe, and fight for the top spot on the universal leaderboard!
⭐ POWERFUL UPGRADES & SHIELD SYSTEMS
Collect in-game power-ups to upgrade your laser firepower, activate impenetrable energy shields, and trigger rapid-fire boosts.
⭐ RETRO PIXEL ART & NOSTALGIC SOUNDTRACK
Experience classic 90s handheld and arcade gaming vibes with handcrafted pixel graphics and dynamic chiptune sound effects.
⭐ 100% OFFLINE PLAY
No Wi-Fi? No internet? No problem! Play anywhere, anytime without an active internet connection.
⭐ INTUITIVE TOUCH CONTROLS
Silky-smooth, responsive controls designed specifically for mobile touchscreens. Easy to learn, challenging to master!

HOW TO PLAY:
- Drag or touch to steer your starship.
- Dodge incoming asteroids, lasers, and enemy ships.
- Collect weapon upgrades and shields to dominate the battlefield.
- Defeat the boss at the end of each sector to unlock new challenges!
- Tap ""WORLD RANKING"" to challenge top pilots and compare your best scores on the global leaderboard!

Gear up, pilot! The galaxy needs a hero. Download Space Dodger now and start dodging!",https://www.youtube.com/watch?v=MUCJ-uLL5cg
fil,Space Dodger,Iwasan ang mga panganib sa kalawakan at talunin ang 100 retro arcade level!,"★ Space Dodger — Filipino Edition ★

Blast off into a thrilling retro space adventure!

Space Dodger is a fast-paced classic arcade shoot 'em up that tests your reflexes and dodging skills. Take command of your starship, navigate through dense asteroid fields, and battle endless waves of hostile alien fleets across deep space.

Whether you're looking for quick casual action or aiming to master all 100 challenging levels, Space Dodger delivers pure nostalgic arcade excitement with modern, ultra-responsive touch controls.

🚀 KEY FEATURES:
⭐ 100 ACTION-PACKED LEVELS
Embark on an epic cosmic campaign. Each stage brings new enemy formations, dynamic hazards, and intense bullet patterns.
⭐ EPIC BOSS ENCOUNTERS
Face off against powerful alien motherships and bosses with unique attack strategies and movement patterns.
⭐ GLOBAL LEADERBOARDS & WORLD RANKING
Think you're the sharpest pilot in deep space? Compete with players worldwide! Tap the ""WORLD RANKING"" button on the high score screen to access Google Play Games leaderboards, track your rank against top aces across the globe, and fight for the top spot on the universal leaderboard!
⭐ POWERFUL UPGRADES & SHIELD SYSTEMS
Collect in-game power-ups to upgrade your laser firepower, activate impenetrable energy shields, and trigger rapid-fire boosts.
⭐ RETRO PIXEL ART & NOSTALGIC SOUNDTRACK
Experience classic 90s handheld and arcade gaming vibes with handcrafted pixel graphics and dynamic chiptune sound effects.
⭐ 100% OFFLINE PLAY
No Wi-Fi? No internet? No problem! Play anywhere, anytime without an active internet connection.
⭐ INTUITIVE TOUCH CONTROLS
Silky-smooth, responsive controls designed specifically for mobile touchscreens. Easy to learn, challenging to master!

HOW TO PLAY:
- Drag or touch to steer your starship.
- Dodge incoming asteroids, lasers, and enemy ships.
- Collect weapon upgrades and shields to dominate the battlefield.
- Defeat the boss at the end of each sector to unlock new challenges!
- Tap ""WORLD RANKING"" to challenge top pilots and compare your best scores on the global leaderboard!

Gear up, pilot! The galaxy needs a hero. Download Space Dodger now and start dodging!",https://www.youtube.com/watch?v=MUCJ-uLL5cg
fr-CA,Space Dodger,"Évitez les tirs ennemis, détruisez les aliens et dominez 100 niveaux rétro !","★ Space Dodger — French (Canada) Edition ★

Blast off into a thrilling retro space adventure!

Space Dodger is a fast-paced classic arcade shoot 'em up that tests your reflexes and dodging skills. Take command of your starship, navigate through dense asteroid fields, and battle endless waves of hostile alien fleets across deep space.

Whether you're looking for quick casual action or aiming to master all 100 challenging levels, Space Dodger delivers pure nostalgic arcade excitement with modern, ultra-responsive touch controls.

🚀 KEY FEATURES:
⭐ 100 ACTION-PACKED LEVELS
Embark on an epic cosmic campaign. Each stage brings new enemy formations, dynamic hazards, and intense bullet patterns.
⭐ EPIC BOSS ENCOUNTERS
Face off against powerful alien motherships and bosses with unique attack strategies and movement patterns.
⭐ GLOBAL LEADERBOARDS & WORLD RANKING
Think you're the sharpest pilot in deep space? Compete with players worldwide! Tap the ""WORLD RANKING"" button on the high score screen to access Google Play Games leaderboards, track your rank against top aces across the globe, and fight for the top spot on the universal leaderboard!
⭐ POWERFUL UPGRADES & SHIELD SYSTEMS
Collect in-game power-ups to upgrade your laser firepower, activate impenetrable energy shields, and trigger rapid-fire boosts.
⭐ RETRO PIXEL ART & NOSTALGIC SOUNDTRACK
Experience classic 90s handheld and arcade gaming vibes with handcrafted pixel graphics and dynamic chiptune sound effects.
⭐ 100% OFFLINE PLAY
No Wi-Fi? No internet? No problem! Play anywhere, anytime without an active internet connection.
⭐ INTUITIVE TOUCH CONTROLS
Silky-smooth, responsive controls designed specifically for mobile touchscreens. Easy to learn, challenging to master!

HOW TO PLAY:
- Drag or touch to steer your starship.
- Dodge incoming asteroids, lasers, and enemy ships.
- Collect weapon upgrades and shields to dominate the battlefield.
- Defeat the boss at the end of each sector to unlock new challenges!
- Tap ""WORLD RANKING"" to challenge top pilots and compare your best scores on the global leaderboard!

Gear up, pilot! The galaxy needs a hero. Download Space Dodger now and start dodging!",https://www.youtube.com/watch?v=MUCJ-uLL5cg
gl-ES,Space Dodger,"Esquiva perigos cósmicos, destrúe frotas alieníxenas e supera 100 niveis arcade!","★ Space Dodger — Galician Edition ★

Blast off into a thrilling retro space adventure!

Space Dodger is a fast-paced classic arcade shoot 'em up that tests your reflexes and dodging skills. Take command of your starship, navigate through dense asteroid fields, and battle endless waves of hostile alien fleets across deep space.

Whether you're looking for quick casual action or aiming to master all 100 challenging levels, Space Dodger delivers pure nostalgic arcade excitement with modern, ultra-responsive touch controls.

🚀 KEY FEATURES:
⭐ 100 ACTION-PACKED LEVELS
Embark on an epic cosmic campaign. Each stage brings new enemy formations, dynamic hazards, and intense bullet patterns.
⭐ EPIC BOSS ENCOUNTERS
Face off against powerful alien motherships and bosses with unique attack strategies and movement patterns.
⭐ GLOBAL LEADERBOARDS & WORLD RANKING
Think you're the sharpest pilot in deep space? Compete with players worldwide! Tap the ""WORLD RANKING"" button on the high score screen to access Google Play Games leaderboards, track your rank against top aces across the globe, and fight for the top spot on the universal leaderboard!
⭐ POWERFUL UPGRADES & SHIELD SYSTEMS
Collect in-game power-ups to upgrade your laser firepower, activate impenetrable energy shields, and trigger rapid-fire boosts.
⭐ RETRO PIXEL ART & NOSTALGIC SOUNDTRACK
Experience classic 90s handheld and arcade gaming vibes with handcrafted pixel graphics and dynamic chiptune sound effects.
⭐ 100% OFFLINE PLAY
No Wi-Fi? No internet? No problem! Play anywhere, anytime without an active internet connection.
⭐ INTUITIVE TOUCH CONTROLS
Silky-smooth, responsive controls designed specifically for mobile touchscreens. Easy to learn, challenging to master!

HOW TO PLAY:
- Drag or touch to steer your starship.
- Dodge incoming asteroids, lasers, and enemy ships.
- Collect weapon upgrades and shields to dominate the battlefield.
- Defeat the boss at the end of each sector to unlock new challenges!
- Tap ""WORLD RANKING"" to challenge top pilots and compare your best scores on the global leaderboard!

Gear up, pilot! The galaxy needs a hero. Download Space Dodger now and start dodging!",https://www.youtube.com/watch?v=MUCJ-uLL5cg
gu,Space Dodger,"અવકાશના જોખમોથી બચો, એલિયન કાફલાનો નાશ કરો અને 100 રેટ્રો સ્તરો પર વિજય મેળવો!","★ Space Dodger — Gujarati Edition ★

Blast off into a thrilling retro space adventure!

Space Dodger is a fast-paced classic arcade shoot 'em up that tests your reflexes and dodging skills. Take command of your starship, navigate through dense asteroid fields, and battle endless waves of hostile alien fleets across deep space.

Whether you're looking for quick casual action or aiming to master all 100 challenging levels, Space Dodger delivers pure nostalgic arcade excitement with modern, ultra-responsive touch controls.

🚀 KEY FEATURES:
⭐ 100 ACTION-PACKED LEVELS
Embark on an epic cosmic campaign. Each stage brings new enemy formations, dynamic hazards, and intense bullet patterns.
⭐ EPIC BOSS ENCOUNTERS
Face off against powerful alien motherships and bosses with unique attack strategies and movement patterns.
⭐ GLOBAL LEADERBOARDS & WORLD RANKING
Think you're the sharpest pilot in deep space? Compete with players worldwide! Tap the ""WORLD RANKING"" button on the high score screen to access Google Play Games leaderboards, track your rank against top aces across the globe, and fight for the top spot on the universal leaderboard!
⭐ POWERFUL UPGRADES & SHIELD SYSTEMS
Collect in-game power-ups to upgrade your laser firepower, activate impenetrable energy shields, and trigger rapid-fire boosts.
⭐ RETRO PIXEL ART & NOSTALGIC SOUNDTRACK
Experience classic 90s handheld and arcade gaming vibes with handcrafted pixel graphics and dynamic chiptune sound effects.
⭐ 100% OFFLINE PLAY
No Wi-Fi? No internet? No problem! Play anywhere, anytime without an active internet connection.
⭐ INTUITIVE TOUCH CONTROLS
Silky-smooth, responsive controls designed specifically for mobile touchscreens. Easy to learn, challenging to master!

HOW TO PLAY:
- Drag or touch to steer your starship.
- Dodge incoming asteroids, lasers, and enemy ships.
- Collect weapon upgrades and shields to dominate the battlefield.
- Defeat the boss at the end of each sector to unlock new challenges!
- Tap ""WORLD RANKING"" to challenge top pilots and compare your best scores on the global leaderboard!

Gear up, pilot! The galaxy needs a hero. Download Space Dodger now and start dodging!",https://www.youtube.com/watch?v=MUCJ-uLL5cg
hr,Space Dodger,"Izbjegavajte svemirske prijetnje, uništite vanzemaljce i osvojite 100 retro r...","★ Space Dodger — Croatian Edition ★

Blast off into a thrilling retro space adventure!

Space Dodger is a fast-paced classic arcade shoot 'em up that tests your reflexes and dodging skills. Take command of your starship, navigate through dense asteroid fields, and battle endless waves of hostile alien fleets across deep space.

Whether you're looking for quick casual action or aiming to master all 100 challenging levels, Space Dodger delivers pure nostalgic arcade excitement with modern, ultra-responsive touch controls.

🚀 KEY FEATURES:
⭐ 100 ACTION-PACKED LEVELS
Embark on an epic cosmic campaign. Each stage brings new enemy formations, dynamic hazards, and intense bullet patterns.
⭐ EPIC BOSS ENCOUNTERS
Face off against powerful alien motherships and bosses with unique attack strategies and movement patterns.
⭐ GLOBAL LEADERBOARDS & WORLD RANKING
Think you're the sharpest pilot in deep space? Compete with players worldwide! Tap the ""WORLD RANKING"" button on the high score screen to access Google Play Games leaderboards, track your rank against top aces across the globe, and fight for the top spot on the universal leaderboard!
⭐ POWERFUL UPGRADES & SHIELD SYSTEMS
Collect in-game power-ups to upgrade your laser firepower, activate impenetrable energy shields, and trigger rapid-fire boosts.
⭐ RETRO PIXEL ART & NOSTALGIC SOUNDTRACK
Experience classic 90s handheld and arcade gaming vibes with handcrafted pixel graphics and dynamic chiptune sound effects.
⭐ 100% OFFLINE PLAY
No Wi-Fi? No internet? No problem! Play anywhere, anytime without an active internet connection.
⭐ INTUITIVE TOUCH CONTROLS
Silky-smooth, responsive controls designed specifically for mobile touchscreens. Easy to learn, challenging to master!

HOW TO PLAY:
- Drag or touch to steer your starship.
- Dodge incoming asteroids, lasers, and enemy ships.
- Collect weapon upgrades and shields to dominate the battlefield.
- Defeat the boss at the end of each sector to unlock new challenges!
- Tap ""WORLD RANKING"" to challenge top pilots and compare your best scores on the global leaderboard!

Gear up, pilot! The galaxy needs a hero. Download Space Dodger now and start dodging!",https://www.youtube.com/watch?v=MUCJ-uLL5cg
hu-HU,Space Dodger,"Kerüld el a veszélyeket, pusztítsd el az idegeneket és hódíts meg 100 szintet!","★ Space Dodger — Hungarian Edition ★

Blast off into a thrilling retro space adventure!

Space Dodger is a fast-paced classic arcade shoot 'em up that tests your reflexes and dodging skills. Take command of your starship, navigate through dense asteroid fields, and battle endless waves of hostile alien fleets across deep space.

Whether you're looking for quick casual action or aiming to master all 100 challenging levels, Space Dodger delivers pure nostalgic arcade excitement with modern, ultra-responsive touch controls.

🚀 KEY FEATURES:
⭐ 100 ACTION-PACKED LEVELS
Embark on an epic cosmic campaign. Each stage brings new enemy formations, dynamic hazards, and intense bullet patterns.
⭐ EPIC BOSS ENCOUNTERS
Face off against powerful alien motherships and bosses with unique attack strategies and movement patterns.
⭐ GLOBAL LEADERBOARDS & WORLD RANKING
Think you're the sharpest pilot in deep space? Compete with players worldwide! Tap the ""WORLD RANKING"" button on the high score screen to access Google Play Games leaderboards, track your rank against top aces across the globe, and fight for the top spot on the universal leaderboard!
⭐ POWERFUL UPGRADES & SHIELD SYSTEMS
Collect in-game power-ups to upgrade your laser firepower, activate impenetrable energy shields, and trigger rapid-fire boosts.
⭐ RETRO PIXEL ART & NOSTALGIC SOUNDTRACK
Experience classic 90s handheld and arcade gaming vibes with handcrafted pixel graphics and dynamic chiptune sound effects.
⭐ 100% OFFLINE PLAY
No Wi-Fi? No internet? No problem! Play anywhere, anytime without an active internet connection.
⭐ INTUITIVE TOUCH CONTROLS
Silky-smooth, responsive controls designed specifically for mobile touchscreens. Easy to learn, challenging to master!

HOW TO PLAY:
- Drag or touch to steer your starship.
- Dodge incoming asteroids, lasers, and enemy ships.
- Collect weapon upgrades and shields to dominate the battlefield.
- Defeat the boss at the end of each sector to unlock new challenges!
- Tap ""WORLD RANKING"" to challenge top pilots and compare your best scores on the global leaderboard!

Gear up, pilot! The galaxy needs a hero. Download Space Dodger now and start dodging!",https://www.youtube.com/watch?v=MUCJ-uLL5cg
hy-AM,Space Dodger,"Խուսափեք տիեզերական վտանգներից, ոչնչացրեք այլմոլորակայիններին և անցեք 100 մակ...","★ Space Dodger — Armenian Edition ★

Blast off into a thrilling retro space adventure!

Space Dodger is a fast-paced classic arcade shoot 'em up that tests your reflexes and dodging skills. Take command of your starship, navigate through dense asteroid fields, and battle endless waves of hostile alien fleets across deep space.

Whether you're looking for quick casual action or aiming to master all 100 challenging levels, Space Dodger delivers pure nostalgic arcade excitement with modern, ultra-responsive touch controls.

🚀 KEY FEATURES:
⭐ 100 ACTION-PACKED LEVELS
Embark on an epic cosmic campaign. Each stage brings new enemy formations, dynamic hazards, and intense bullet patterns.
⭐ EPIC BOSS ENCOUNTERS
Face off against powerful alien motherships and bosses with unique attack strategies and movement patterns.
⭐ GLOBAL LEADERBOARDS & WORLD RANKING
Think you're the sharpest pilot in deep space? Compete with players worldwide! Tap the ""WORLD RANKING"" button on the high score screen to access Google Play Games leaderboards, track your rank against top aces across the globe, and fight for the top spot on the universal leaderboard!
⭐ POWERFUL UPGRADES & SHIELD SYSTEMS
Collect in-game power-ups to upgrade your laser firepower, activate impenetrable energy shields, and trigger rapid-fire boosts.
⭐ RETRO PIXEL ART & NOSTALGIC SOUNDTRACK
Experience classic 90s handheld and arcade gaming vibes with handcrafted pixel graphics and dynamic chiptune sound effects.
⭐ 100% OFFLINE PLAY
No Wi-Fi? No internet? No problem! Play anywhere, anytime without an active internet connection.
⭐ INTUITIVE TOUCH CONTROLS
Silky-smooth, responsive controls designed specifically for mobile touchscreens. Easy to learn, challenging to master!

HOW TO PLAY:
- Drag or touch to steer your starship.
- Dodge incoming asteroids, lasers, and enemy ships.
- Collect weapon upgrades and shields to dominate the battlefield.
- Defeat the boss at the end of each sector to unlock new challenges!
- Tap ""WORLD RANKING"" to challenge top pilots and compare your best scores on the global leaderboard!

Gear up, pilot! The galaxy needs a hero. Download Space Dodger now and start dodging!",https://www.youtube.com/watch?v=MUCJ-uLL5cg
is-IS,Space Dodger,"Forðastu hættur í geimnum, sigraðu geimverur og kláraðu 100 retro borð!","★ Space Dodger — Icelandic Edition ★

Blast off into a thrilling retro space adventure!

Space Dodger is a fast-paced classic arcade shoot 'em up that tests your reflexes and dodging skills. Take command of your starship, navigate through dense asteroid fields, and battle endless waves of hostile alien fleets across deep space.

Whether you're looking for quick casual action or aiming to master all 100 challenging levels, Space Dodger delivers pure nostalgic arcade excitement with modern, ultra-responsive touch controls.

🚀 KEY FEATURES:
⭐ 100 ACTION-PACKED LEVELS
Embark on an epic cosmic campaign. Each stage brings new enemy formations, dynamic hazards, and intense bullet patterns.
⭐ EPIC BOSS ENCOUNTERS
Face off against powerful alien motherships and bosses with unique attack strategies and movement patterns.
⭐ GLOBAL LEADERBOARDS & WORLD RANKING
Think you're the sharpest pilot in deep space? Compete with players worldwide! Tap the ""WORLD RANKING"" button on the high score screen to access Google Play Games leaderboards, track your rank against top aces across the globe, and fight for the top spot on the universal leaderboard!
⭐ POWERFUL UPGRADES & SHIELD SYSTEMS
Collect in-game power-ups to upgrade your laser firepower, activate impenetrable energy shields, and trigger rapid-fire boosts.
⭐ RETRO PIXEL ART & NOSTALGIC SOUNDTRACK
Experience classic 90s handheld and arcade gaming vibes with handcrafted pixel graphics and dynamic chiptune sound effects.
⭐ 100% OFFLINE PLAY
No Wi-Fi? No internet? No problem! Play anywhere, anytime without an active internet connection.
⭐ INTUITIVE TOUCH CONTROLS
Silky-smooth, responsive controls designed specifically for mobile touchscreens. Easy to learn, challenging to master!

HOW TO PLAY:
- Drag or touch to steer your starship.
- Dodge incoming asteroids, lasers, and enemy ships.
- Collect weapon upgrades and shields to dominate the battlefield.
- Defeat the boss at the end of each sector to unlock new challenges!
- Tap ""WORLD RANKING"" to challenge top pilots and compare your best scores on the global leaderboard!

Gear up, pilot! The galaxy needs a hero. Download Space Dodger now and start dodging!",https://www.youtube.com/watch?v=MUCJ-uLL5cg
iw-IL,Space Dodger,"התחמק מסכנות קוסמיות, השמד ציי חייזרים וכבוש 100 שלבי ארקייד רטרו!","★ Space Dodger — Hebrew Edition ★

Blast off into a thrilling retro space adventure!

Space Dodger is a fast-paced classic arcade shoot 'em up that tests your reflexes and dodging skills. Take command of your starship, navigate through dense asteroid fields, and battle endless waves of hostile alien fleets across deep space.

Whether you're looking for quick casual action or aiming to master all 100 challenging levels, Space Dodger delivers pure nostalgic arcade excitement with modern, ultra-responsive touch controls.

🚀 KEY FEATURES:
⭐ 100 ACTION-PACKED LEVELS
Embark on an epic cosmic campaign. Each stage brings new enemy formations, dynamic hazards, and intense bullet patterns.
⭐ EPIC BOSS ENCOUNTERS
Face off against powerful alien motherships and bosses with unique attack strategies and movement patterns.
⭐ GLOBAL LEADERBOARDS & WORLD RANKING
Think you're the sharpest pilot in deep space? Compete with players worldwide! Tap the ""WORLD RANKING"" button on the high score screen to access Google Play Games leaderboards, track your rank against top aces across the globe, and fight for the top spot on the universal leaderboard!
⭐ POWERFUL UPGRADES & SHIELD SYSTEMS
Collect in-game power-ups to upgrade your laser firepower, activate impenetrable energy shields, and trigger rapid-fire boosts.
⭐ RETRO PIXEL ART & NOSTALGIC SOUNDTRACK
Experience classic 90s handheld and arcade gaming vibes with handcrafted pixel graphics and dynamic chiptune sound effects.
⭐ 100% OFFLINE PLAY
No Wi-Fi? No internet? No problem! Play anywhere, anytime without an active internet connection.
⭐ INTUITIVE TOUCH CONTROLS
Silky-smooth, responsive controls designed specifically for mobile touchscreens. Easy to learn, challenging to master!

HOW TO PLAY:
- Drag or touch to steer your starship.
- Dodge incoming asteroids, lasers, and enemy ships.
- Collect weapon upgrades and shields to dominate the battlefield.
- Defeat the boss at the end of each sector to unlock new challenges!
- Tap ""WORLD RANKING"" to challenge top pilots and compare your best scores on the global leaderboard!

Gear up, pilot! The galaxy needs a hero. Download Space Dodger now and start dodging!",https://www.youtube.com/watch?v=MUCJ-uLL5cg
ka-GE,Space Dodger,"აირიდეთ კოსმოსური საფრთხეები, გაანადგურეთ უცხოპლანეტელები და დაიპყარით 100 დონე!","★ Space Dodger — Georgian Edition ★

Blast off into a thrilling retro space adventure!

Space Dodger is a fast-paced classic arcade shoot 'em up that tests your reflexes and dodging skills. Take command of your starship, navigate through dense asteroid fields, and battle endless waves of hostile alien fleets across deep space.

Whether you're looking for quick casual action or aiming to master all 100 challenging levels, Space Dodger delivers pure nostalgic arcade excitement with modern, ultra-responsive touch controls.

🚀 KEY FEATURES:
⭐ 100 ACTION-PACKED LEVELS
Embark on an epic cosmic campaign. Each stage brings new enemy formations, dynamic hazards, and intense bullet patterns.
⭐ EPIC BOSS ENCOUNTERS
Face off against powerful alien motherships and bosses with unique attack strategies and movement patterns.
⭐ GLOBAL LEADERBOARDS & WORLD RANKING
Think you're the sharpest pilot in deep space? Compete with players worldwide! Tap the ""WORLD RANKING"" button on the high score screen to access Google Play Games leaderboards, track your rank against top aces across the globe, and fight for the top spot on the universal leaderboard!
⭐ POWERFUL UPGRADES & SHIELD SYSTEMS
Collect in-game power-ups to upgrade your laser firepower, activate impenetrable energy shields, and trigger rapid-fire boosts.
⭐ RETRO PIXEL ART & NOSTALGIC SOUNDTRACK
Experience classic 90s handheld and arcade gaming vibes with handcrafted pixel graphics and dynamic chiptune sound effects.
⭐ 100% OFFLINE PLAY
No Wi-Fi? No internet? No problem! Play anywhere, anytime without an active internet connection.
⭐ INTUITIVE TOUCH CONTROLS
Silky-smooth, responsive controls designed specifically for mobile touchscreens. Easy to learn, challenging to master!

HOW TO PLAY:
- Drag or touch to steer your starship.
- Dodge incoming asteroids, lasers, and enemy ships.
- Collect weapon upgrades and shields to dominate the battlefield.
- Defeat the boss at the end of each sector to unlock new challenges!
- Tap ""WORLD RANKING"" to challenge top pilots and compare your best scores on the global leaderboard!

Gear up, pilot! The galaxy needs a hero. Download Space Dodger now and start dodging!",https://www.youtube.com/watch?v=MUCJ-uLL5cg
kk,Space Dodger,"Ғарыштық қауіптерден жалтарып, бөтен ғаламшарлықтарды жеңіп, 100 деңгейден өт...","★ Space Dodger — Kazakh Edition ★

Blast off into a thrilling retro space adventure!

Space Dodger is a fast-paced classic arcade shoot 'em up that tests your reflexes and dodging skills. Take command of your starship, navigate through dense asteroid fields, and battle endless waves of hostile alien fleets across deep space.

Whether you're looking for quick casual action or aiming to master all 100 challenging levels, Space Dodger delivers pure nostalgic arcade excitement with modern, ultra-responsive touch controls.

🚀 KEY FEATURES:
⭐ 100 ACTION-PACKED LEVELS
Embark on an epic cosmic campaign. Each stage brings new enemy formations, dynamic hazards, and intense bullet patterns.
⭐ EPIC BOSS ENCOUNTERS
Face off against powerful alien motherships and bosses with unique attack strategies and movement patterns.
⭐ GLOBAL LEADERBOARDS & WORLD RANKING
Think you're the sharpest pilot in deep space? Compete with players worldwide! Tap the ""WORLD RANKING"" button on the high score screen to access Google Play Games leaderboards, track your rank against top aces across the globe, and fight for the top spot on the universal leaderboard!
⭐ POWERFUL UPGRADES & SHIELD SYSTEMS
Collect in-game power-ups to upgrade your laser firepower, activate impenetrable energy shields, and trigger rapid-fire boosts.
⭐ RETRO PIXEL ART & NOSTALGIC SOUNDTRACK
Experience classic 90s handheld and arcade gaming vibes with handcrafted pixel graphics and dynamic chiptune sound effects.
⭐ 100% OFFLINE PLAY
No Wi-Fi? No internet? No problem! Play anywhere, anytime without an active internet connection.
⭐ INTUITIVE TOUCH CONTROLS
Silky-smooth, responsive controls designed specifically for mobile touchscreens. Easy to learn, challenging to master!

HOW TO PLAY:
- Drag or touch to steer your starship.
- Dodge incoming asteroids, lasers, and enemy ships.
- Collect weapon upgrades and shields to dominate the battlefield.
- Defeat the boss at the end of each sector to unlock new challenges!
- Tap ""WORLD RANKING"" to challenge top pilots and compare your best scores on the global leaderboard!

Gear up, pilot! The galaxy needs a hero. Download Space Dodger now and start dodging!",https://www.youtube.com/watch?v=MUCJ-uLL5cg
km-KH,Space Dodger,គេចពីគ្រោះថ្នាក់ក្នុងលំហ បំផ្លាញកងនាវាជនបរទេស និងយកឈ្នះ ១០០ កម្រិត!,"★ Space Dodger — Khmer Edition ★

Blast off into a thrilling retro space adventure!

Space Dodger is a fast-paced classic arcade shoot 'em up that tests your reflexes and dodging skills. Take command of your starship, navigate through dense asteroid fields, and battle endless waves of hostile alien fleets across deep space.

Whether you're looking for quick casual action or aiming to master all 100 challenging levels, Space Dodger delivers pure nostalgic arcade excitement with modern, ultra-responsive touch controls.

🚀 KEY FEATURES:
⭐ 100 ACTION-PACKED LEVELS
Embark on an epic cosmic campaign. Each stage brings new enemy formations, dynamic hazards, and intense bullet patterns.
⭐ EPIC BOSS ENCOUNTERS
Face off against powerful alien motherships and bosses with unique attack strategies and movement patterns.
⭐ GLOBAL LEADERBOARDS & WORLD RANKING
Think you're the sharpest pilot in deep space? Compete with players worldwide! Tap the ""WORLD RANKING"" button on the high score screen to access Google Play Games leaderboards, track your rank against top aces across the globe, and fight for the top spot on the universal leaderboard!
⭐ POWERFUL UPGRADES & SHIELD SYSTEMS
Collect in-game power-ups to upgrade your laser firepower, activate impenetrable energy shields, and trigger rapid-fire boosts.
⭐ RETRO PIXEL ART & NOSTALGIC SOUNDTRACK
Experience classic 90s handheld and arcade gaming vibes with handcrafted pixel graphics and dynamic chiptune sound effects.
⭐ 100% OFFLINE PLAY
No Wi-Fi? No internet? No problem! Play anywhere, anytime without an active internet connection.
⭐ INTUITIVE TOUCH CONTROLS
Silky-smooth, responsive controls designed specifically for mobile touchscreens. Easy to learn, challenging to master!

HOW TO PLAY:
- Drag or touch to steer your starship.
- Dodge incoming asteroids, lasers, and enemy ships.
- Collect weapon upgrades and shields to dominate the battlefield.
- Defeat the boss at the end of each sector to unlock new challenges!
- Tap ""WORLD RANKING"" to challenge top pilots and compare your best scores on the global leaderboard!

Gear up, pilot! The galaxy needs a hero. Download Space Dodger now and start dodging!",https://www.youtube.com/watch?v=MUCJ-uLL5cg
kn-IN,Space Dodger,"ಬಾಹ್ಯಾಕಾಶದ ಅಪಾಯಗಳನ್ನು ತಪ್ಪಿಸಿ, ಅನ್ಯಲೋಕದ ನೌಕೆಗಳನ್ನು ನಾಶಮಾಡಿ ಮತ್ತು 100 ಹಂತಗಳನ್ನ...","★ Space Dodger — Kannada Edition ★

Blast off into a thrilling retro space adventure!

Space Dodger is a fast-paced classic arcade shoot 'em up that tests your reflexes and dodging skills. Take command of your starship, navigate through dense asteroid fields, and battle endless waves of hostile alien fleets across deep space.

Whether you're looking for quick casual action or aiming to master all 100 challenging levels, Space Dodger delivers pure nostalgic arcade excitement with modern, ultra-responsive touch controls.

🚀 KEY FEATURES:
⭐ 100 ACTION-PACKED LEVELS
Embark on an epic cosmic campaign. Each stage brings new enemy formations, dynamic hazards, and intense bullet patterns.
⭐ EPIC BOSS ENCOUNTERS
Face off against powerful alien motherships and bosses with unique attack strategies and movement patterns.
⭐ GLOBAL LEADERBOARDS & WORLD RANKING
Think you're the sharpest pilot in deep space? Compete with players worldwide! Tap the ""WORLD RANKING"" button on the high score screen to access Google Play Games leaderboards, track your rank against top aces across the globe, and fight for the top spot on the universal leaderboard!
⭐ POWERFUL UPGRADES & SHIELD SYSTEMS
Collect in-game power-ups to upgrade your laser firepower, activate impenetrable energy shields, and trigger rapid-fire boosts.
⭐ RETRO PIXEL ART & NOSTALGIC SOUNDTRACK
Experience classic 90s handheld and arcade gaming vibes with handcrafted pixel graphics and dynamic chiptune sound effects.
⭐ 100% OFFLINE PLAY
No Wi-Fi? No internet? No problem! Play anywhere, anytime without an active internet connection.
⭐ INTUITIVE TOUCH CONTROLS
Silky-smooth, responsive controls designed specifically for mobile touchscreens. Easy to learn, challenging to master!

HOW TO PLAY:
- Drag or touch to steer your starship.
- Dodge incoming asteroids, lasers, and enemy ships.
- Collect weapon upgrades and shields to dominate the battlefield.
- Defeat the boss at the end of each sector to unlock new challenges!
- Tap ""WORLD RANKING"" to challenge top pilots and compare your best scores on the global leaderboard!

Gear up, pilot! The galaxy needs a hero. Download Space Dodger now and start dodging!",https://www.youtube.com/watch?v=MUCJ-uLL5cg
ky-KG,Space Dodger,"Космостук коркунучтардан качып, келгиндерди жок кылып, 100 деңгээлди багындыр...","★ Space Dodger — Kyrgyz Edition ★

Blast off into a thrilling retro space adventure!

Space Dodger is a fast-paced classic arcade shoot 'em up that tests your reflexes and dodging skills. Take command of your starship, navigate through dense asteroid fields, and battle endless waves of hostile alien fleets across deep space.

Whether you're looking for quick casual action or aiming to master all 100 challenging levels, Space Dodger delivers pure nostalgic arcade excitement with modern, ultra-responsive touch controls.

🚀 KEY FEATURES:
⭐ 100 ACTION-PACKED LEVELS
Embark on an epic cosmic campaign. Each stage brings new enemy formations, dynamic hazards, and intense bullet patterns.
⭐ EPIC BOSS ENCOUNTERS
Face off against powerful alien motherships and bosses with unique attack strategies and movement patterns.
⭐ GLOBAL LEADERBOARDS & WORLD RANKING
Think you're the sharpest pilot in deep space? Compete with players worldwide! Tap the ""WORLD RANKING"" button on the high score screen to access Google Play Games leaderboards, track your rank against top aces across the globe, and fight for the top spot on the universal leaderboard!
⭐ POWERFUL UPGRADES & SHIELD SYSTEMS
Collect in-game power-ups to upgrade your laser firepower, activate impenetrable energy shields, and trigger rapid-fire boosts.
⭐ RETRO PIXEL ART & NOSTALGIC SOUNDTRACK
Experience classic 90s handheld and arcade gaming vibes with handcrafted pixel graphics and dynamic chiptune sound effects.
⭐ 100% OFFLINE PLAY
No Wi-Fi? No internet? No problem! Play anywhere, anytime without an active internet connection.
⭐ INTUITIVE TOUCH CONTROLS
Silky-smooth, responsive controls designed specifically for mobile touchscreens. Easy to learn, challenging to master!

HOW TO PLAY:
- Drag or touch to steer your starship.
- Dodge incoming asteroids, lasers, and enemy ships.
- Collect weapon upgrades and shields to dominate the battlefield.
- Defeat the boss at the end of each sector to unlock new challenges!
- Tap ""WORLD RANKING"" to challenge top pilots and compare your best scores on the global leaderboard!

Gear up, pilot! The galaxy needs a hero. Download Space Dodger now and start dodging!",https://www.youtube.com/watch?v=MUCJ-uLL5cg
lo-LA,Space Dodger,ຫຼົບຫຼີກໄພອັນຕະລາຍໃນອາວະກາດ ແລະ ພິຊິດ 100 ດ່ານອາເຄດສຸດມັນส์!,"★ Space Dodger — Lao Edition ★

Blast off into a thrilling retro space adventure!

Space Dodger is a fast-paced classic arcade shoot 'em up that tests your reflexes and dodging skills. Take command of your starship, navigate through dense asteroid fields, and battle endless waves of hostile alien fleets across deep space.

Whether you're looking for quick casual action or aiming to master all 100 challenging levels, Space Dodger delivers pure nostalgic arcade excitement with modern, ultra-responsive touch controls.

🚀 KEY FEATURES:
⭐ 100 ACTION-PACKED LEVELS
Embark on an epic cosmic campaign. Each stage brings new enemy formations, dynamic hazards, and intense bullet patterns.
⭐ EPIC BOSS ENCOUNTERS
Face off against powerful alien motherships and bosses with unique attack strategies and movement patterns.
⭐ GLOBAL LEADERBOARDS & WORLD RANKING
Think you're the sharpest pilot in deep space? Compete with players worldwide! Tap the ""WORLD RANKING"" button on the high score screen to access Google Play Games leaderboards, track your rank against top aces across the globe, and fight for the top spot on the universal leaderboard!
⭐ POWERFUL UPGRADES & SHIELD SYSTEMS
Collect in-game power-ups to upgrade your laser firepower, activate impenetrable energy shields, and trigger rapid-fire boosts.
⭐ RETRO PIXEL ART & NOSTALGIC SOUNDTRACK
Experience classic 90s handheld and arcade gaming vibes with handcrafted pixel graphics and dynamic chiptune sound effects.
⭐ 100% OFFLINE PLAY
No Wi-Fi? No internet? No problem! Play anywhere, anytime without an active internet connection.
⭐ INTUITIVE TOUCH CONTROLS
Silky-smooth, responsive controls designed specifically for mobile touchscreens. Easy to learn, challenging to master!

HOW TO PLAY:
- Drag or touch to steer your starship.
- Dodge incoming asteroids, lasers, and enemy ships.
- Collect weapon upgrades and shields to dominate the battlefield.
- Defeat the boss at the end of each sector to unlock new challenges!
- Tap ""WORLD RANKING"" to challenge top pilots and compare your best scores on the global leaderboard!

Gear up, pilot! The galaxy needs a hero. Download Space Dodger now and start dodging!",https://www.youtube.com/watch?v=MUCJ-uLL5cg
lt,Space Dodger,"Venkite kosminių pavojų, naikinkite ateivius ir įveikite 100 retro lygių!","★ Space Dodger — Lithuanian Edition ★

Blast off into a thrilling retro space adventure!

Space Dodger is a fast-paced classic arcade shoot 'em up that tests your reflexes and dodging skills. Take command of your starship, navigate through dense asteroid fields, and battle endless waves of hostile alien fleets across deep space.

Whether you're looking for quick casual action or aiming to master all 100 challenging levels, Space Dodger delivers pure nostalgic arcade excitement with modern, ultra-responsive touch controls.

🚀 KEY FEATURES:
⭐ 100 ACTION-PACKED LEVELS
Embark on an epic cosmic campaign. Each stage brings new enemy formations, dynamic hazards, and intense bullet patterns.
⭐ EPIC BOSS ENCOUNTERS
Face off against powerful alien motherships and bosses with unique attack strategies and movement patterns.
⭐ GLOBAL LEADERBOARDS & WORLD RANKING
Think you're the sharpest pilot in deep space? Compete with players worldwide! Tap the ""WORLD RANKING"" button on the high score screen to access Google Play Games leaderboards, track your rank against top aces across the globe, and fight for the top spot on the universal leaderboard!
⭐ POWERFUL UPGRADES & SHIELD SYSTEMS
Collect in-game power-ups to upgrade your laser firepower, activate impenetrable energy shields, and trigger rapid-fire boosts.
⭐ RETRO PIXEL ART & NOSTALGIC SOUNDTRACK
Experience classic 90s handheld and arcade gaming vibes with handcrafted pixel graphics and dynamic chiptune sound effects.
⭐ 100% OFFLINE PLAY
No Wi-Fi? No internet? No problem! Play anywhere, anytime without an active internet connection.
⭐ INTUITIVE TOUCH CONTROLS
Silky-smooth, responsive controls designed specifically for mobile touchscreens. Easy to learn, challenging to master!

HOW TO PLAY:
- Drag or touch to steer your starship.
- Dodge incoming asteroids, lasers, and enemy ships.
- Collect weapon upgrades and shields to dominate the battlefield.
- Defeat the boss at the end of each sector to unlock new challenges!
- Tap ""WORLD RANKING"" to challenge top pilots and compare your best scores on the global leaderboard!

Gear up, pilot! The galaxy needs a hero. Download Space Dodger now and start dodging!",https://www.youtube.com/watch?v=MUCJ-uLL5cg
lv,Space Dodger,"Izvairieties no kosmiskajiem draudiem, iznīciniet citplanētiešus un iekarojie...","★ Space Dodger — Latvian Edition ★

Blast off into a thrilling retro space adventure!

Space Dodger is a fast-paced classic arcade shoot 'em up that tests your reflexes and dodging skills. Take command of your starship, navigate through dense asteroid fields, and battle endless waves of hostile alien fleets across deep space.

Whether you're looking for quick casual action or aiming to master all 100 challenging levels, Space Dodger delivers pure nostalgic arcade excitement with modern, ultra-responsive touch controls.

🚀 KEY FEATURES:
⭐ 100 ACTION-PACKED LEVELS
Embark on an epic cosmic campaign. Each stage brings new enemy formations, dynamic hazards, and intense bullet patterns.
⭐ EPIC BOSS ENCOUNTERS
Face off against powerful alien motherships and bosses with unique attack strategies and movement patterns.
⭐ GLOBAL LEADERBOARDS & WORLD RANKING
Think you're the sharpest pilot in deep space? Compete with players worldwide! Tap the ""WORLD RANKING"" button on the high score screen to access Google Play Games leaderboards, track your rank against top aces across the globe, and fight for the top spot on the universal leaderboard!
⭐ POWERFUL UPGRADES & SHIELD SYSTEMS
Collect in-game power-ups to upgrade your laser firepower, activate impenetrable energy shields, and trigger rapid-fire boosts.
⭐ RETRO PIXEL ART & NOSTALGIC SOUNDTRACK
Experience classic 90s handheld and arcade gaming vibes with handcrafted pixel graphics and dynamic chiptune sound effects.
⭐ 100% OFFLINE PLAY
No Wi-Fi? No internet? No problem! Play anywhere, anytime without an active internet connection.
⭐ INTUITIVE TOUCH CONTROLS
Silky-smooth, responsive controls designed specifically for mobile touchscreens. Easy to learn, challenging to master!

HOW TO PLAY:
- Drag or touch to steer your starship.
- Dodge incoming asteroids, lasers, and enemy ships.
- Collect weapon upgrades and shields to dominate the battlefield.
- Defeat the boss at the end of each sector to unlock new challenges!
- Tap ""WORLD RANKING"" to challenge top pilots and compare your best scores on the global leaderboard!

Gear up, pilot! The galaxy needs a hero. Download Space Dodger now and start dodging!",https://www.youtube.com/watch?v=MUCJ-uLL5cg
mk-MK,Space Dodger,"Избегнувајте космички опасности, уништете ги вонземјаните и освојте 100 нивоа!","★ Space Dodger — Macedonian Edition ★

Blast off into a thrilling retro space adventure!

Space Dodger is a fast-paced classic arcade shoot 'em up that tests your reflexes and dodging skills. Take command of your starship, navigate through dense asteroid fields, and battle endless waves of hostile alien fleets across deep space.

Whether you're looking for quick casual action or aiming to master all 100 challenging levels, Space Dodger delivers pure nostalgic arcade excitement with modern, ultra-responsive touch controls.

🚀 KEY FEATURES:
⭐ 100 ACTION-PACKED LEVELS
Embark on an epic cosmic campaign. Each stage brings new enemy formations, dynamic hazards, and intense bullet patterns.
⭐ EPIC BOSS ENCOUNTERS
Face off against powerful alien motherships and bosses with unique attack strategies and movement patterns.
⭐ GLOBAL LEADERBOARDS & WORLD RANKING
Think you're the sharpest pilot in deep space? Compete with players worldwide! Tap the ""WORLD RANKING"" button on the high score screen to access Google Play Games leaderboards, track your rank against top aces across the globe, and fight for the top spot on the universal leaderboard!
⭐ POWERFUL UPGRADES & SHIELD SYSTEMS
Collect in-game power-ups to upgrade your laser firepower, activate impenetrable energy shields, and trigger rapid-fire boosts.
⭐ RETRO PIXEL ART & NOSTALGIC SOUNDTRACK
Experience classic 90s handheld and arcade gaming vibes with handcrafted pixel graphics and dynamic chiptune sound effects.
⭐ 100% OFFLINE PLAY
No Wi-Fi? No internet? No problem! Play anywhere, anytime without an active internet connection.
⭐ INTUITIVE TOUCH CONTROLS
Silky-smooth, responsive controls designed specifically for mobile touchscreens. Easy to learn, challenging to master!

HOW TO PLAY:
- Drag or touch to steer your starship.
- Dodge incoming asteroids, lasers, and enemy ships.
- Collect weapon upgrades and shields to dominate the battlefield.
- Defeat the boss at the end of each sector to unlock new challenges!
- Tap ""WORLD RANKING"" to challenge top pilots and compare your best scores on the global leaderboard!

Gear up, pilot! The galaxy needs a hero. Download Space Dodger now and start dodging!",https://www.youtube.com/watch?v=MUCJ-uLL5cg
ml-IN,Space Dodger,"ബഹിരാകാശ അപകടങ്ങൾ ഒഴിവാക്കുക, അന്യഗ്രഹ കപ്പലുകൾ തകർക്കുക, 100 ലെവലുകൾ കീഴടക്കുക!","★ Space Dodger — Malayalam Edition ★

Blast off into a thrilling retro space adventure!

Space Dodger is a fast-paced classic arcade shoot 'em up that tests your reflexes and dodging skills. Take command of your starship, navigate through dense asteroid fields, and battle endless waves of hostile alien fleets across deep space.

Whether you're looking for quick casual action or aiming to master all 100 challenging levels, Space Dodger delivers pure nostalgic arcade excitement with modern, ultra-responsive touch controls.

🚀 KEY FEATURES:
⭐ 100 ACTION-PACKED LEVELS
Embark on an epic cosmic campaign. Each stage brings new enemy formations, dynamic hazards, and intense bullet patterns.
⭐ EPIC BOSS ENCOUNTERS
Face off against powerful alien motherships and bosses with unique attack strategies and movement patterns.
⭐ GLOBAL LEADERBOARDS & WORLD RANKING
Think you're the sharpest pilot in deep space? Compete with players worldwide! Tap the ""WORLD RANKING"" button on the high score screen to access Google Play Games leaderboards, track your rank against top aces across the globe, and fight for the top spot on the universal leaderboard!
⭐ POWERFUL UPGRADES & SHIELD SYSTEMS
Collect in-game power-ups to upgrade your laser firepower, activate impenetrable energy shields, and trigger rapid-fire boosts.
⭐ RETRO PIXEL ART & NOSTALGIC SOUNDTRACK
Experience classic 90s handheld and arcade gaming vibes with handcrafted pixel graphics and dynamic chiptune sound effects.
⭐ 100% OFFLINE PLAY
No Wi-Fi? No internet? No problem! Play anywhere, anytime without an active internet connection.
⭐ INTUITIVE TOUCH CONTROLS
Silky-smooth, responsive controls designed specifically for mobile touchscreens. Easy to learn, challenging to master!

HOW TO PLAY:
- Drag or touch to steer your starship.
- Dodge incoming asteroids, lasers, and enemy ships.
- Collect weapon upgrades and shields to dominate the battlefield.
- Defeat the boss at the end of each sector to unlock new challenges!
- Tap ""WORLD RANKING"" to challenge top pilots and compare your best scores on the global leaderboard!

Gear up, pilot! The galaxy needs a hero. Download Space Dodger now and start dodging!",https://www.youtube.com/watch?v=MUCJ-uLL5cg
mn-MN,Space Dodger,"Сансрын аюулаас бултаж, харь гаригийнхныг устгаж, 100 түвшинг байлдан дагуула...","★ Space Dodger — Mongolian Edition ★

Blast off into a thrilling retro space adventure!

Space Dodger is a fast-paced classic arcade shoot 'em up that tests your reflexes and dodging skills. Take command of your starship, navigate through dense asteroid fields, and battle endless waves of hostile alien fleets across deep space.

Whether you're looking for quick casual action or aiming to master all 100 challenging levels, Space Dodger delivers pure nostalgic arcade excitement with modern, ultra-responsive touch controls.

🚀 KEY FEATURES:
⭐ 100 ACTION-PACKED LEVELS
Embark on an epic cosmic campaign. Each stage brings new enemy formations, dynamic hazards, and intense bullet patterns.
⭐ EPIC BOSS ENCOUNTERS
Face off against powerful alien motherships and bosses with unique attack strategies and movement patterns.
⭐ GLOBAL LEADERBOARDS & WORLD RANKING
Think you're the sharpest pilot in deep space? Compete with players worldwide! Tap the ""WORLD RANKING"" button on the high score screen to access Google Play Games leaderboards, track your rank against top aces across the globe, and fight for the top spot on the universal leaderboard!
⭐ POWERFUL UPGRADES & SHIELD SYSTEMS
Collect in-game power-ups to upgrade your laser firepower, activate impenetrable energy shields, and trigger rapid-fire boosts.
⭐ RETRO PIXEL ART & NOSTALGIC SOUNDTRACK
Experience classic 90s handheld and arcade gaming vibes with handcrafted pixel graphics and dynamic chiptune sound effects.
⭐ 100% OFFLINE PLAY
No Wi-Fi? No internet? No problem! Play anywhere, anytime without an active internet connection.
⭐ INTUITIVE TOUCH CONTROLS
Silky-smooth, responsive controls designed specifically for mobile touchscreens. Easy to learn, challenging to master!

HOW TO PLAY:
- Drag or touch to steer your starship.
- Dodge incoming asteroids, lasers, and enemy ships.
- Collect weapon upgrades and shields to dominate the battlefield.
- Defeat the boss at the end of each sector to unlock new challenges!
- Tap ""WORLD RANKING"" to challenge top pilots and compare your best scores on the global leaderboard!

Gear up, pilot! The galaxy needs a hero. Download Space Dodger now and start dodging!",https://www.youtube.com/watch?v=MUCJ-uLL5cg
mr-IN,Space Dodger,"अवकाशातील धोके टाळा, एलियन फ्लीट्स नष्ट करा आणि 100 रेट्रो स्तर जिंका!","★ Space Dodger — Marathi Edition ★

Blast off into a thrilling retro space adventure!

Space Dodger is a fast-paced classic arcade shoot 'em up that tests your reflexes and dodging skills. Take command of your starship, navigate through dense asteroid fields, and battle endless waves of hostile alien fleets across deep space.

Whether you're looking for quick casual action or aiming to master all 100 challenging levels, Space Dodger delivers pure nostalgic arcade excitement with modern, ultra-responsive touch controls.

🚀 KEY FEATURES:
⭐ 100 ACTION-PACKED LEVELS
Embark on an epic cosmic campaign. Each stage brings new enemy formations, dynamic hazards, and intense bullet patterns.
⭐ EPIC BOSS ENCOUNTERS
Face off against powerful alien motherships and bosses with unique attack strategies and movement patterns.
⭐ GLOBAL LEADERBOARDS & WORLD RANKING
Think you're the sharpest pilot in deep space? Compete with players worldwide! Tap the ""WORLD RANKING"" button on the high score screen to access Google Play Games leaderboards, track your rank against top aces across the globe, and fight for the top spot on the universal leaderboard!
⭐ POWERFUL UPGRADES & SHIELD SYSTEMS
Collect in-game power-ups to upgrade your laser firepower, activate impenetrable energy shields, and trigger rapid-fire boosts.
⭐ RETRO PIXEL ART & NOSTALGIC SOUNDTRACK
Experience classic 90s handheld and arcade gaming vibes with handcrafted pixel graphics and dynamic chiptune sound effects.
⭐ 100% OFFLINE PLAY
No Wi-Fi? No internet? No problem! Play anywhere, anytime without an active internet connection.
⭐ INTUITIVE TOUCH CONTROLS
Silky-smooth, responsive controls designed specifically for mobile touchscreens. Easy to learn, challenging to master!

HOW TO PLAY:
- Drag or touch to steer your starship.
- Dodge incoming asteroids, lasers, and enemy ships.
- Collect weapon upgrades and shields to dominate the battlefield.
- Defeat the boss at the end of each sector to unlock new challenges!
- Tap ""WORLD RANKING"" to challenge top pilots and compare your best scores on the global leaderboard!

Gear up, pilot! The galaxy needs a hero. Download Space Dodger now and start dodging!",https://www.youtube.com/watch?v=MUCJ-uLL5cg
ms,Space Dodger,"Elak bahaya kosmik, musnahkan armada makhluk asing dan tawan 100 tahap arked!","★ Space Dodger — Malay Edition ★

Blast off into a thrilling retro space adventure!

Space Dodger is a fast-paced classic arcade shoot 'em up that tests your reflexes and dodging skills. Take command of your starship, navigate through dense asteroid fields, and battle endless waves of hostile alien fleets across deep space.

Whether you're looking for quick casual action or aiming to master all 100 challenging levels, Space Dodger delivers pure nostalgic arcade excitement with modern, ultra-responsive touch controls.

🚀 KEY FEATURES:
⭐ 100 ACTION-PACKED LEVELS
Embark on an epic cosmic campaign. Each stage brings new enemy formations, dynamic hazards, and intense bullet patterns.
⭐ EPIC BOSS ENCOUNTERS
Face off against powerful alien motherships and bosses with unique attack strategies and movement patterns.
⭐ GLOBAL LEADERBOARDS & WORLD RANKING
Think you're the sharpest pilot in deep space? Compete with players worldwide! Tap the ""WORLD RANKING"" button on the high score screen to access Google Play Games leaderboards, track your rank against top aces across the globe, and fight for the top spot on the universal leaderboard!
⭐ POWERFUL UPGRADES & SHIELD SYSTEMS
Collect in-game power-ups to upgrade your laser firepower, activate impenetrable energy shields, and trigger rapid-fire boosts.
⭐ RETRO PIXEL ART & NOSTALGIC SOUNDTRACK
Experience classic 90s handheld and arcade gaming vibes with handcrafted pixel graphics and dynamic chiptune sound effects.
⭐ 100% OFFLINE PLAY
No Wi-Fi? No internet? No problem! Play anywhere, anytime without an active internet connection.
⭐ INTUITIVE TOUCH CONTROLS
Silky-smooth, responsive controls designed specifically for mobile touchscreens. Easy to learn, challenging to master!

HOW TO PLAY:
- Drag or touch to steer your starship.
- Dodge incoming asteroids, lasers, and enemy ships.
- Collect weapon upgrades and shields to dominate the battlefield.
- Defeat the boss at the end of each sector to unlock new challenges!
- Tap ""WORLD RANKING"" to challenge top pilots and compare your best scores on the global leaderboard!

Gear up, pilot! The galaxy needs a hero. Download Space Dodger now and start dodging!",https://www.youtube.com/watch?v=MUCJ-uLL5cg
my-MM,Space Dodger,အာကာသအန္တရာယ်များကိုရှောင်ရှားပြီး ရန်သူများကိုချေမှုန်းကာ အဆင့် ၁၀၀ ကိုအောင်...,"★ Space Dodger — Burmese Edition ★

Blast off into a thrilling retro space adventure!

Space Dodger is a fast-paced classic arcade shoot 'em up that tests your reflexes and dodging skills. Take command of your starship, navigate through dense asteroid fields, and battle endless waves of hostile alien fleets across deep space.

Whether you're looking for quick casual action or aiming to master all 100 challenging levels, Space Dodger delivers pure nostalgic arcade excitement with modern, ultra-responsive touch controls.

🚀 KEY FEATURES:
⭐ 100 ACTION-PACKED LEVELS
Embark on an epic cosmic campaign. Each stage brings new enemy formations, dynamic hazards, and intense bullet patterns.
⭐ EPIC BOSS ENCOUNTERS
Face off against powerful alien motherships and bosses with unique attack strategies and movement patterns.
⭐ GLOBAL LEADERBOARDS & WORLD RANKING
Think you're the sharpest pilot in deep space? Compete with players worldwide! Tap the ""WORLD RANKING"" button on the high score screen to access Google Play Games leaderboards, track your rank against top aces across the globe, and fight for the top spot on the universal leaderboard!
⭐ POWERFUL UPGRADES & SHIELD SYSTEMS
Collect in-game power-ups to upgrade your laser firepower, activate impenetrable energy shields, and trigger rapid-fire boosts.
⭐ RETRO PIXEL ART & NOSTALGIC SOUNDTRACK
Experience classic 90s handheld and arcade gaming vibes with handcrafted pixel graphics and dynamic chiptune sound effects.
⭐ 100% OFFLINE PLAY
No Wi-Fi? No internet? No problem! Play anywhere, anytime without an active internet connection.
⭐ INTUITIVE TOUCH CONTROLS
Silky-smooth, responsive controls designed specifically for mobile touchscreens. Easy to learn, challenging to master!

HOW TO PLAY:
- Drag or touch to steer your starship.
- Dodge incoming asteroids, lasers, and enemy ships.
- Collect weapon upgrades and shields to dominate the battlefield.
- Defeat the boss at the end of each sector to unlock new challenges!
- Tap ""WORLD RANKING"" to challenge top pilots and compare your best scores on the global leaderboard!

Gear up, pilot! The galaxy needs a hero. Download Space Dodger now and start dodging!",https://www.youtube.com/watch?v=MUCJ-uLL5cg
ne-NP,Space Dodger,"अन्तरिक्षका खतराहरूबाट बच्नुहोस्, विदेशी फ्लीटहरू नष्ट गर्नुहोस् र १०० स्तरहर...","★ Space Dodger — Nepali Edition ★

Blast off into a thrilling retro space adventure!

Space Dodger is a fast-paced classic arcade shoot 'em up that tests your reflexes and dodging skills. Take command of your starship, navigate through dense asteroid fields, and battle endless waves of hostile alien fleets across deep space.

Whether you're looking for quick casual action or aiming to master all 100 challenging levels, Space Dodger delivers pure nostalgic arcade excitement with modern, ultra-responsive touch controls.

🚀 KEY FEATURES:
⭐ 100 ACTION-PACKED LEVELS
Embark on an epic cosmic campaign. Each stage brings new enemy formations, dynamic hazards, and intense bullet patterns.
⭐ EPIC BOSS ENCOUNTERS
Face off against powerful alien motherships and bosses with unique attack strategies and movement patterns.
⭐ GLOBAL LEADERBOARDS & WORLD RANKING
Think you're the sharpest pilot in deep space? Compete with players worldwide! Tap the ""WORLD RANKING"" button on the high score screen to access Google Play Games leaderboards, track your rank against top aces across the globe, and fight for the top spot on the universal leaderboard!
⭐ POWERFUL UPGRADES & SHIELD SYSTEMS
Collect in-game power-ups to upgrade your laser firepower, activate impenetrable energy shields, and trigger rapid-fire boosts.
⭐ RETRO PIXEL ART & NOSTALGIC SOUNDTRACK
Experience classic 90s handheld and arcade gaming vibes with handcrafted pixel graphics and dynamic chiptune sound effects.
⭐ 100% OFFLINE PLAY
No Wi-Fi? No internet? No problem! Play anywhere, anytime without an active internet connection.
⭐ INTUITIVE TOUCH CONTROLS
Silky-smooth, responsive controls designed specifically for mobile touchscreens. Easy to learn, challenging to master!

HOW TO PLAY:
- Drag or touch to steer your starship.
- Dodge incoming asteroids, lasers, and enemy ships.
- Collect weapon upgrades and shields to dominate the battlefield.
- Defeat the boss at the end of each sector to unlock new challenges!
- Tap ""WORLD RANKING"" to challenge top pilots and compare your best scores on the global leaderboard!

Gear up, pilot! The galaxy needs a hero. Download Space Dodger now and start dodging!",https://www.youtube.com/watch?v=MUCJ-uLL5cg
no-NO,Space Dodger,"Unngå kosmiske farer, skyt ned romvesener og erobre 100 retro arkadenivåer!","★ Space Dodger — Norwegian Edition ★

Blast off into a thrilling retro space adventure!

Space Dodger is a fast-paced classic arcade shoot 'em up that tests your reflexes and dodging skills. Take command of your starship, navigate through dense asteroid fields, and battle endless waves of hostile alien fleets across deep space.

Whether you're looking for quick casual action or aiming to master all 100 challenging levels, Space Dodger delivers pure nostalgic arcade excitement with modern, ultra-responsive touch controls.

🚀 KEY FEATURES:
⭐ 100 ACTION-PACKED LEVELS
Embark on an epic cosmic campaign. Each stage brings new enemy formations, dynamic hazards, and intense bullet patterns.
⭐ EPIC BOSS ENCOUNTERS
Face off against powerful alien motherships and bosses with unique attack strategies and movement patterns.
⭐ GLOBAL LEADERBOARDS & WORLD RANKING
Think you're the sharpest pilot in deep space? Compete with players worldwide! Tap the ""WORLD RANKING"" button on the high score screen to access Google Play Games leaderboards, track your rank against top aces across the globe, and fight for the top spot on the universal leaderboard!
⭐ POWERFUL UPGRADES & SHIELD SYSTEMS
Collect in-game power-ups to upgrade your laser firepower, activate impenetrable energy shields, and trigger rapid-fire boosts.
⭐ RETRO PIXEL ART & NOSTALGIC SOUNDTRACK
Experience classic 90s handheld and arcade gaming vibes with handcrafted pixel graphics and dynamic chiptune sound effects.
⭐ 100% OFFLINE PLAY
No Wi-Fi? No internet? No problem! Play anywhere, anytime without an active internet connection.
⭐ INTUITIVE TOUCH CONTROLS
Silky-smooth, responsive controls designed specifically for mobile touchscreens. Easy to learn, challenging to master!

HOW TO PLAY:
- Drag or touch to steer your starship.
- Dodge incoming asteroids, lasers, and enemy ships.
- Collect weapon upgrades and shields to dominate the battlefield.
- Defeat the boss at the end of each sector to unlock new challenges!
- Tap ""WORLD RANKING"" to challenge top pilots and compare your best scores on the global leaderboard!

Gear up, pilot! The galaxy needs a hero. Download Space Dodger now and start dodging!",https://www.youtube.com/watch?v=MUCJ-uLL5cg
pa,Space Dodger,"ਪੁਲਾੜ ਦੇ ਖ਼ਤਰਿਆਂ ਤੋਂ ਬਚੋ, ਏਲੀਅਨ ਫਲੀਟਾਂ ਨੂੰ ਨਸ਼ਟ ਕਰੋ ਅਤੇ 100 ਪੱਧਰਾਂ 'ਤੇ ਜਿੱਤ ਪ...","★ Space Dodger — Punjabi Edition ★

Blast off into a thrilling retro space adventure!

Space Dodger is a fast-paced classic arcade shoot 'em up that tests your reflexes and dodging skills. Take command of your starship, navigate through dense asteroid fields, and battle endless waves of hostile alien fleets across deep space.

Whether you're looking for quick casual action or aiming to master all 100 challenging levels, Space Dodger delivers pure nostalgic arcade excitement with modern, ultra-responsive touch controls.

🚀 KEY FEATURES:
⭐ 100 ACTION-PACKED LEVELS
Embark on an epic cosmic campaign. Each stage brings new enemy formations, dynamic hazards, and intense bullet patterns.
⭐ EPIC BOSS ENCOUNTERS
Face off against powerful alien motherships and bosses with unique attack strategies and movement patterns.
⭐ GLOBAL LEADERBOARDS & WORLD RANKING
Think you're the sharpest pilot in deep space? Compete with players worldwide! Tap the ""WORLD RANKING"" button on the high score screen to access Google Play Games leaderboards, track your rank against top aces across the globe, and fight for the top spot on the universal leaderboard!
⭐ POWERFUL UPGRADES & SHIELD SYSTEMS
Collect in-game power-ups to upgrade your laser firepower, activate impenetrable energy shields, and trigger rapid-fire boosts.
⭐ RETRO PIXEL ART & NOSTALGIC SOUNDTRACK
Experience classic 90s handheld and arcade gaming vibes with handcrafted pixel graphics and dynamic chiptune sound effects.
⭐ 100% OFFLINE PLAY
No Wi-Fi? No internet? No problem! Play anywhere, anytime without an active internet connection.
⭐ INTUITIVE TOUCH CONTROLS
Silky-smooth, responsive controls designed specifically for mobile touchscreens. Easy to learn, challenging to master!

HOW TO PLAY:
- Drag or touch to steer your starship.
- Dodge incoming asteroids, lasers, and enemy ships.
- Collect weapon upgrades and shields to dominate the battlefield.
- Defeat the boss at the end of each sector to unlock new challenges!
- Tap ""WORLD RANKING"" to challenge top pilots and compare your best scores on the global leaderboard!

Gear up, pilot! The galaxy needs a hero. Download Space Dodger now and start dodging!",https://www.youtube.com/watch?v=MUCJ-uLL5cg
ro,Space Dodger,"Evită pericolele cosmice, distruge flotele extraterestre și cucerește 100 de ...","★ Space Dodger — Romanian Edition ★

Blast off into a thrilling retro space adventure!

Space Dodger is a fast-paced classic arcade shoot 'em up that tests your reflexes and dodging skills. Take command of your starship, navigate through dense asteroid fields, and battle endless waves of hostile alien fleets across deep space.

Whether you're looking for quick casual action or aiming to master all 100 challenging levels, Space Dodger delivers pure nostalgic arcade excitement with modern, ultra-responsive touch controls.

🚀 KEY FEATURES:
⭐ 100 ACTION-PACKED LEVELS
Embark on an epic cosmic campaign. Each stage brings new enemy formations, dynamic hazards, and intense bullet patterns.
⭐ EPIC BOSS ENCOUNTERS
Face off against powerful alien motherships and bosses with unique attack strategies and movement patterns.
⭐ GLOBAL LEADERBOARDS & WORLD RANKING
Think you're the sharpest pilot in deep space? Compete with players worldwide! Tap the ""WORLD RANKING"" button on the high score screen to access Google Play Games leaderboards, track your rank against top aces across the globe, and fight for the top spot on the universal leaderboard!
⭐ POWERFUL UPGRADES & SHIELD SYSTEMS
Collect in-game power-ups to upgrade your laser firepower, activate impenetrable energy shields, and trigger rapid-fire boosts.
⭐ RETRO PIXEL ART & NOSTALGIC SOUNDTRACK
Experience classic 90s handheld and arcade gaming vibes with handcrafted pixel graphics and dynamic chiptune sound effects.
⭐ 100% OFFLINE PLAY
No Wi-Fi? No internet? No problem! Play anywhere, anytime without an active internet connection.
⭐ INTUITIVE TOUCH CONTROLS
Silky-smooth, responsive controls designed specifically for mobile touchscreens. Easy to learn, challenging to master!

HOW TO PLAY:
- Drag or touch to steer your starship.
- Dodge incoming asteroids, lasers, and enemy ships.
- Collect weapon upgrades and shields to dominate the battlefield.
- Defeat the boss at the end of each sector to unlock new challenges!
- Tap ""WORLD RANKING"" to challenge top pilots and compare your best scores on the global leaderboard!

Gear up, pilot! The galaxy needs a hero. Download Space Dodger now and start dodging!",https://www.youtube.com/watch?v=MUCJ-uLL5cg
si-LK,Space Dodger,"අභ්‍යවකාශ අනතුරු මඟහැර, පිටසක්වල බලඇණි විනාශ කර මට්ටම් 100 ක් ජයගන්න!","★ Space Dodger — Sinhala Edition ★

Blast off into a thrilling retro space adventure!

Space Dodger is a fast-paced classic arcade shoot 'em up that tests your reflexes and dodging skills. Take command of your starship, navigate through dense asteroid fields, and battle endless waves of hostile alien fleets across deep space.

Whether you're looking for quick casual action or aiming to master all 100 challenging levels, Space Dodger delivers pure nostalgic arcade excitement with modern, ultra-responsive touch controls.

🚀 KEY FEATURES:
⭐ 100 ACTION-PACKED LEVELS
Embark on an epic cosmic campaign. Each stage brings new enemy formations, dynamic hazards, and intense bullet patterns.
⭐ EPIC BOSS ENCOUNTERS
Face off against powerful alien motherships and bosses with unique attack strategies and movement patterns.
⭐ GLOBAL LEADERBOARDS & WORLD RANKING
Think you're the sharpest pilot in deep space? Compete with players worldwide! Tap the ""WORLD RANKING"" button on the high score screen to access Google Play Games leaderboards, track your rank against top aces across the globe, and fight for the top spot on the universal leaderboard!
⭐ POWERFUL UPGRADES & SHIELD SYSTEMS
Collect in-game power-ups to upgrade your laser firepower, activate impenetrable energy shields, and trigger rapid-fire boosts.
⭐ RETRO PIXEL ART & NOSTALGIC SOUNDTRACK
Experience classic 90s handheld and arcade gaming vibes with handcrafted pixel graphics and dynamic chiptune sound effects.
⭐ 100% OFFLINE PLAY
No Wi-Fi? No internet? No problem! Play anywhere, anytime without an active internet connection.
⭐ INTUITIVE TOUCH CONTROLS
Silky-smooth, responsive controls designed specifically for mobile touchscreens. Easy to learn, challenging to master!

HOW TO PLAY:
- Drag or touch to steer your starship.
- Dodge incoming asteroids, lasers, and enemy ships.
- Collect weapon upgrades and shields to dominate the battlefield.
- Defeat the boss at the end of each sector to unlock new challenges!
- Tap ""WORLD RANKING"" to challenge top pilots and compare your best scores on the global leaderboard!

Gear up, pilot! The galaxy needs a hero. Download Space Dodger now and start dodging!",https://www.youtube.com/watch?v=MUCJ-uLL5cg
sk,Space Dodger,"Uhýbajte sa vesmírnym hrozbám, ničte mimozemské flotily a pokorte 100 úrovní!","★ Space Dodger — Slovak Edition ★

Blast off into a thrilling retro space adventure!

Space Dodger is a fast-paced classic arcade shoot 'em up that tests your reflexes and dodging skills. Take command of your starship, navigate through dense asteroid fields, and battle endless waves of hostile alien fleets across deep space.

Whether you're looking for quick casual action or aiming to master all 100 challenging levels, Space Dodger delivers pure nostalgic arcade excitement with modern, ultra-responsive touch controls.

🚀 KEY FEATURES:
⭐ 100 ACTION-PACKED LEVELS
Embark on an epic cosmic campaign. Each stage brings new enemy formations, dynamic hazards, and intense bullet patterns.
⭐ EPIC BOSS ENCOUNTERS
Face off against powerful alien motherships and bosses with unique attack strategies and movement patterns.
⭐ GLOBAL LEADERBOARDS & WORLD RANKING
Think you're the sharpest pilot in deep space? Compete with players worldwide! Tap the ""WORLD RANKING"" button on the high score screen to access Google Play Games leaderboards, track your rank against top aces across the globe, and fight for the top spot on the universal leaderboard!
⭐ POWERFUL UPGRADES & SHIELD SYSTEMS
Collect in-game power-ups to upgrade your laser firepower, activate impenetrable energy shields, and trigger rapid-fire boosts.
⭐ RETRO PIXEL ART & NOSTALGIC SOUNDTRACK
Experience classic 90s handheld and arcade gaming vibes with handcrafted pixel graphics and dynamic chiptune sound effects.
⭐ 100% OFFLINE PLAY
No Wi-Fi? No internet? No problem! Play anywhere, anytime without an active internet connection.
⭐ INTUITIVE TOUCH CONTROLS
Silky-smooth, responsive controls designed specifically for mobile touchscreens. Easy to learn, challenging to master!

HOW TO PLAY:
- Drag or touch to steer your starship.
- Dodge incoming asteroids, lasers, and enemy ships.
- Collect weapon upgrades and shields to dominate the battlefield.
- Defeat the boss at the end of each sector to unlock new challenges!
- Tap ""WORLD RANKING"" to challenge top pilots and compare your best scores on the global leaderboard!

Gear up, pilot! The galaxy needs a hero. Download Space Dodger now and start dodging!",https://www.youtube.com/watch?v=MUCJ-uLL5cg
sl,Space Dodger,"Izogibajte se kozmičnim nevarnostim, uničite nezemljane in osvojite 100 stopenj!","★ Space Dodger — Slovenian Edition ★

Blast off into a thrilling retro space adventure!

Space Dodger is a fast-paced classic arcade shoot 'em up that tests your reflexes and dodging skills. Take command of your starship, navigate through dense asteroid fields, and battle endless waves of hostile alien fleets across deep space.

Whether you're looking for quick casual action or aiming to master all 100 challenging levels, Space Dodger delivers pure nostalgic arcade excitement with modern, ultra-responsive touch controls.

🚀 KEY FEATURES:
⭐ 100 ACTION-PACKED LEVELS
Embark on an epic cosmic campaign. Each stage brings new enemy formations, dynamic hazards, and intense bullet patterns.
⭐ EPIC BOSS ENCOUNTERS
Face off against powerful alien motherships and bosses with unique attack strategies and movement patterns.
⭐ GLOBAL LEADERBOARDS & WORLD RANKING
Think you're the sharpest pilot in deep space? Compete with players worldwide! Tap the ""WORLD RANKING"" button on the high score screen to access Google Play Games leaderboards, track your rank against top aces across the globe, and fight for the top spot on the universal leaderboard!
⭐ POWERFUL UPGRADES & SHIELD SYSTEMS
Collect in-game power-ups to upgrade your laser firepower, activate impenetrable energy shields, and trigger rapid-fire boosts.
⭐ RETRO PIXEL ART & NOSTALGIC SOUNDTRACK
Experience classic 90s handheld and arcade gaming vibes with handcrafted pixel graphics and dynamic chiptune sound effects.
⭐ 100% OFFLINE PLAY
No Wi-Fi? No internet? No problem! Play anywhere, anytime without an active internet connection.
⭐ INTUITIVE TOUCH CONTROLS
Silky-smooth, responsive controls designed specifically for mobile touchscreens. Easy to learn, challenging to master!

HOW TO PLAY:
- Drag or touch to steer your starship.
- Dodge incoming asteroids, lasers, and enemy ships.
- Collect weapon upgrades and shields to dominate the battlefield.
- Defeat the boss at the end of each sector to unlock new challenges!
- Tap ""WORLD RANKING"" to challenge top pilots and compare your best scores on the global leaderboard!

Gear up, pilot! The galaxy needs a hero. Download Space Dodger now and start dodging!",https://www.youtube.com/watch?v=MUCJ-uLL5cg
sq,Space Dodger,"Shmangni rreziqet kozmike, shkatërroni flotat alien dhe pushtoni 100 nivele a...","★ Space Dodger — Albanian Edition ★

Blast off into a thrilling retro space adventure!

Space Dodger is a fast-paced classic arcade shoot 'em up that tests your reflexes and dodging skills. Take command of your starship, navigate through dense asteroid fields, and battle endless waves of hostile alien fleets across deep space.

Whether you're looking for quick casual action or aiming to master all 100 challenging levels, Space Dodger delivers pure nostalgic arcade excitement with modern, ultra-responsive touch controls.

🚀 KEY FEATURES:
⭐ 100 ACTION-PACKED LEVELS
Embark on an epic cosmic campaign. Each stage brings new enemy formations, dynamic hazards, and intense bullet patterns.
⭐ EPIC BOSS ENCOUNTERS
Face off against powerful alien motherships and bosses with unique attack strategies and movement patterns.
⭐ GLOBAL LEADERBOARDS & WORLD RANKING
Think you're the sharpest pilot in deep space? Compete with players worldwide! Tap the ""WORLD RANKING"" button on the high score screen to access Google Play Games leaderboards, track your rank against top aces across the globe, and fight for the top spot on the universal leaderboard!
⭐ POWERFUL UPGRADES & SHIELD SYSTEMS
Collect in-game power-ups to upgrade your laser firepower, activate impenetrable energy shields, and trigger rapid-fire boosts.
⭐ RETRO PIXEL ART & NOSTALGIC SOUNDTRACK
Experience classic 90s handheld and arcade gaming vibes with handcrafted pixel graphics and dynamic chiptune sound effects.
⭐ 100% OFFLINE PLAY
No Wi-Fi? No internet? No problem! Play anywhere, anytime without an active internet connection.
⭐ INTUITIVE TOUCH CONTROLS
Silky-smooth, responsive controls designed specifically for mobile touchscreens. Easy to learn, challenging to master!

HOW TO PLAY:
- Drag or touch to steer your starship.
- Dodge incoming asteroids, lasers, and enemy ships.
- Collect weapon upgrades and shields to dominate the battlefield.
- Defeat the boss at the end of each sector to unlock new challenges!
- Tap ""WORLD RANKING"" to challenge top pilots and compare your best scores on the global leaderboard!

Gear up, pilot! The galaxy needs a hero. Download Space Dodger now and start dodging!",https://www.youtube.com/watch?v=MUCJ-uLL5cg
sr,Space Dodger,"Избегавајте свемирске претње, уништите ванземаљце и освојите 100 ретро нивоа!","★ Space Dodger — Serbian Edition ★

Blast off into a thrilling retro space adventure!

Space Dodger is a fast-paced classic arcade shoot 'em up that tests your reflexes and dodging skills. Take command of your starship, navigate through dense asteroid fields, and battle endless waves of hostile alien fleets across deep space.

Whether you're looking for quick casual action or aiming to master all 100 challenging levels, Space Dodger delivers pure nostalgic arcade excitement with modern, ultra-responsive touch controls.

🚀 KEY FEATURES:
⭐ 100 ACTION-PACKED LEVELS
Embark on an epic cosmic campaign. Each stage brings new enemy formations, dynamic hazards, and intense bullet patterns.
⭐ EPIC BOSS ENCOUNTERS
Face off against powerful alien motherships and bosses with unique attack strategies and movement patterns.
⭐ GLOBAL LEADERBOARDS & WORLD RANKING
Think you're the sharpest pilot in deep space? Compete with players worldwide! Tap the ""WORLD RANKING"" button on the high score screen to access Google Play Games leaderboards, track your rank against top aces across the globe, and fight for the top spot on the universal leaderboard!
⭐ POWERFUL UPGRADES & SHIELD SYSTEMS
Collect in-game power-ups to upgrade your laser firepower, activate impenetrable energy shields, and trigger rapid-fire boosts.
⭐ RETRO PIXEL ART & NOSTALGIC SOUNDTRACK
Experience classic 90s handheld and arcade gaming vibes with handcrafted pixel graphics and dynamic chiptune sound effects.
⭐ 100% OFFLINE PLAY
No Wi-Fi? No internet? No problem! Play anywhere, anytime without an active internet connection.
⭐ INTUITIVE TOUCH CONTROLS
Silky-smooth, responsive controls designed specifically for mobile touchscreens. Easy to learn, challenging to master!

HOW TO PLAY:
- Drag or touch to steer your starship.
- Dodge incoming asteroids, lasers, and enemy ships.
- Collect weapon upgrades and shields to dominate the battlefield.
- Defeat the boss at the end of each sector to unlock new challenges!
- Tap ""WORLD RANKING"" to challenge top pilots and compare your best scores on the global leaderboard!

Gear up, pilot! The galaxy needs a hero. Download Space Dodger now and start dodging!",https://www.youtube.com/watch?v=MUCJ-uLL5cg
sw,Space Dodger,"Kukwepa hatari za angani, haribu meli za wageni na shinda viwango 100 vya retro!","★ Space Dodger — Swahili Edition ★

Blast off into a thrilling retro space adventure!

Space Dodger is a fast-paced classic arcade shoot 'em up that tests your reflexes and dodging skills. Take command of your starship, navigate through dense asteroid fields, and battle endless waves of hostile alien fleets across deep space.

Whether you're looking for quick casual action or aiming to master all 100 challenging levels, Space Dodger delivers pure nostalgic arcade excitement with modern, ultra-responsive touch controls.

🚀 KEY FEATURES:
⭐ 100 ACTION-PACKED LEVELS
Embark on an epic cosmic campaign. Each stage brings new enemy formations, dynamic hazards, and intense bullet patterns.
⭐ EPIC BOSS ENCOUNTERS
Face off against powerful alien motherships and bosses with unique attack strategies and movement patterns.
⭐ GLOBAL LEADERBOARDS & WORLD RANKING
Think you're the sharpest pilot in deep space? Compete with players worldwide! Tap the ""WORLD RANKING"" button on the high score screen to access Google Play Games leaderboards, track your rank against top aces across the globe, and fight for the top spot on the universal leaderboard!
⭐ POWERFUL UPGRADES & SHIELD SYSTEMS
Collect in-game power-ups to upgrade your laser firepower, activate impenetrable energy shields, and trigger rapid-fire boosts.
⭐ RETRO PIXEL ART & NOSTALGIC SOUNDTRACK
Experience classic 90s handheld and arcade gaming vibes with handcrafted pixel graphics and dynamic chiptune sound effects.
⭐ 100% OFFLINE PLAY
No Wi-Fi? No internet? No problem! Play anywhere, anytime without an active internet connection.
⭐ INTUITIVE TOUCH CONTROLS
Silky-smooth, responsive controls designed specifically for mobile touchscreens. Easy to learn, challenging to master!

HOW TO PLAY:
- Drag or touch to steer your starship.
- Dodge incoming asteroids, lasers, and enemy ships.
- Collect weapon upgrades and shields to dominate the battlefield.
- Defeat the boss at the end of each sector to unlock new challenges!
- Tap ""WORLD RANKING"" to challenge top pilots and compare your best scores on the global leaderboard!

Gear up, pilot! The galaxy needs a hero. Download Space Dodger now and start dodging!",https://www.youtube.com/watch?v=MUCJ-uLL5cg
ta-IN,Space Dodger,"விண்வெளி ஆபத்துகளைத் தவிர்த்து, வேற்று கிரகக் கப்பல்களை அழித்து 100 நிலைகளை வ...","★ Space Dodger — Tamil Edition ★

Blast off into a thrilling retro space adventure!

Space Dodger is a fast-paced classic arcade shoot 'em up that tests your reflexes and dodging skills. Take command of your starship, navigate through dense asteroid fields, and battle endless waves of hostile alien fleets across deep space.

Whether you're looking for quick casual action or aiming to master all 100 challenging levels, Space Dodger delivers pure nostalgic arcade excitement with modern, ultra-responsive touch controls.

🚀 KEY FEATURES:
⭐ 100 ACTION-PACKED LEVELS
Embark on an epic cosmic campaign. Each stage brings new enemy formations, dynamic hazards, and intense bullet patterns.
⭐ EPIC BOSS ENCOUNTERS
Face off against powerful alien motherships and bosses with unique attack strategies and movement patterns.
⭐ GLOBAL LEADERBOARDS & WORLD RANKING
Think you're the sharpest pilot in deep space? Compete with players worldwide! Tap the ""WORLD RANKING"" button on the high score screen to access Google Play Games leaderboards, track your rank against top aces across the globe, and fight for the top spot on the universal leaderboard!
⭐ POWERFUL UPGRADES & SHIELD SYSTEMS
Collect in-game power-ups to upgrade your laser firepower, activate impenetrable energy shields, and trigger rapid-fire boosts.
⭐ RETRO PIXEL ART & NOSTALGIC SOUNDTRACK
Experience classic 90s handheld and arcade gaming vibes with handcrafted pixel graphics and dynamic chiptune sound effects.
⭐ 100% OFFLINE PLAY
No Wi-Fi? No internet? No problem! Play anywhere, anytime without an active internet connection.
⭐ INTUITIVE TOUCH CONTROLS
Silky-smooth, responsive controls designed specifically for mobile touchscreens. Easy to learn, challenging to master!

HOW TO PLAY:
- Drag or touch to steer your starship.
- Dodge incoming asteroids, lasers, and enemy ships.
- Collect weapon upgrades and shields to dominate the battlefield.
- Defeat the boss at the end of each sector to unlock new challenges!
- Tap ""WORLD RANKING"" to challenge top pilots and compare your best scores on the global leaderboard!

Gear up, pilot! The galaxy needs a hero. Download Space Dodger now and start dodging!",https://www.youtube.com/watch?v=MUCJ-uLL5cg
te-IN,Space Dodger,"అంతరిక్ష ప్రమాదాలను తప్పించుకోండి, గ్రహాంతర నౌకలను నాశనం చేయండి మరియు 100 స్థ...","★ Space Dodger — Telugu Edition ★

Blast off into a thrilling retro space adventure!

Space Dodger is a fast-paced classic arcade shoot 'em up that tests your reflexes and dodging skills. Take command of your starship, navigate through dense asteroid fields, and battle endless waves of hostile alien fleets across deep space.

Whether you're looking for quick casual action or aiming to master all 100 challenging levels, Space Dodger delivers pure nostalgic arcade excitement with modern, ultra-responsive touch controls.

🚀 KEY FEATURES:
⭐ 100 ACTION-PACKED LEVELS
Embark on an epic cosmic campaign. Each stage brings new enemy formations, dynamic hazards, and intense bullet patterns.
⭐ EPIC BOSS ENCOUNTERS
Face off against powerful alien motherships and bosses with unique attack strategies and movement patterns.
⭐ GLOBAL LEADERBOARDS & WORLD RANKING
Think you're the sharpest pilot in deep space? Compete with players worldwide! Tap the ""WORLD RANKING"" button on the high score screen to access Google Play Games leaderboards, track your rank against top aces across the globe, and fight for the top spot on the universal leaderboard!
⭐ POWERFUL UPGRADES & SHIELD SYSTEMS
Collect in-game power-ups to upgrade your laser firepower, activate impenetrable energy shields, and trigger rapid-fire boosts.
⭐ RETRO PIXEL ART & NOSTALGIC SOUNDTRACK
Experience classic 90s handheld and arcade gaming vibes with handcrafted pixel graphics and dynamic chiptune sound effects.
⭐ 100% OFFLINE PLAY
No Wi-Fi? No internet? No problem! Play anywhere, anytime without an active internet connection.
⭐ INTUITIVE TOUCH CONTROLS
Silky-smooth, responsive controls designed specifically for mobile touchscreens. Easy to learn, challenging to master!

HOW TO PLAY:
- Drag or touch to steer your starship.
- Dodge incoming asteroids, lasers, and enemy ships.
- Collect weapon upgrades and shields to dominate the battlefield.
- Defeat the boss at the end of each sector to unlock new challenges!
- Tap ""WORLD RANKING"" to challenge top pilots and compare your best scores on the global leaderboard!

Gear up, pilot! The galaxy needs a hero. Download Space Dodger now and start dodging!",https://www.youtube.com/watch?v=MUCJ-uLL5cg
uk,Space Dodger,"Уникайте космічних загроз, знищуйте прибульців і підкоріть 100 ретро-рівнів!","★ Space Dodger — Ukrainian Edition ★

Blast off into a thrilling retro space adventure!

Space Dodger is a fast-paced classic arcade shoot 'em up that tests your reflexes and dodging skills. Take command of your starship, navigate through dense asteroid fields, and battle endless waves of hostile alien fleets across deep space.

Whether you're looking for quick casual action or aiming to master all 100 challenging levels, Space Dodger delivers pure nostalgic arcade excitement with modern, ultra-responsive touch controls.

🚀 KEY FEATURES:
⭐ 100 ACTION-PACKED LEVELS
Embark on an epic cosmic campaign. Each stage brings new enemy formations, dynamic hazards, and intense bullet patterns.
⭐ EPIC BOSS ENCOUNTERS
Face off against powerful alien motherships and bosses with unique attack strategies and movement patterns.
⭐ GLOBAL LEADERBOARDS & WORLD RANKING
Think you're the sharpest pilot in deep space? Compete with players worldwide! Tap the ""WORLD RANKING"" button on the high score screen to access Google Play Games leaderboards, track your rank against top aces across the globe, and fight for the top spot on the universal leaderboard!
⭐ POWERFUL UPGRADES & SHIELD SYSTEMS
Collect in-game power-ups to upgrade your laser firepower, activate impenetrable energy shields, and trigger rapid-fire boosts.
⭐ RETRO PIXEL ART & NOSTALGIC SOUNDTRACK
Experience classic 90s handheld and arcade gaming vibes with handcrafted pixel graphics and dynamic chiptune sound effects.
⭐ 100% OFFLINE PLAY
No Wi-Fi? No internet? No problem! Play anywhere, anytime without an active internet connection.
⭐ INTUITIVE TOUCH CONTROLS
Silky-smooth, responsive controls designed specifically for mobile touchscreens. Easy to learn, challenging to master!

HOW TO PLAY:
- Drag or touch to steer your starship.
- Dodge incoming asteroids, lasers, and enemy ships.
- Collect weapon upgrades and shields to dominate the battlefield.
- Defeat the boss at the end of each sector to unlock new challenges!
- Tap ""WORLD RANKING"" to challenge top pilots and compare your best scores on the global leaderboard!

Gear up, pilot! The galaxy needs a hero. Download Space Dodger now and start dodging!",https://www.youtube.com/watch?v=MUCJ-uLL5cg
ur,Space Dodger,خلائی خطرات سے بچیں، خلائی مخلوق کے بیڑے کو تباہ کریں اور 100 لیولز فتح کریں!,"★ Space Dodger — Urdu Edition ★

Blast off into a thrilling retro space adventure!

Space Dodger is a fast-paced classic arcade shoot 'em up that tests your reflexes and dodging skills. Take command of your starship, navigate through dense asteroid fields, and battle endless waves of hostile alien fleets across deep space.

Whether you're looking for quick casual action or aiming to master all 100 challenging levels, Space Dodger delivers pure nostalgic arcade excitement with modern, ultra-responsive touch controls.

🚀 KEY FEATURES:
⭐ 100 ACTION-PACKED LEVELS
Embark on an epic cosmic campaign. Each stage brings new enemy formations, dynamic hazards, and intense bullet patterns.
⭐ EPIC BOSS ENCOUNTERS
Face off against powerful alien motherships and bosses with unique attack strategies and movement patterns.
⭐ GLOBAL LEADERBOARDS & WORLD RANKING
Think you're the sharpest pilot in deep space? Compete with players worldwide! Tap the ""WORLD RANKING"" button on the high score screen to access Google Play Games leaderboards, track your rank against top aces across the globe, and fight for the top spot on the universal leaderboard!
⭐ POWERFUL UPGRADES & SHIELD SYSTEMS
Collect in-game power-ups to upgrade your laser firepower, activate impenetrable energy shields, and trigger rapid-fire boosts.
⭐ RETRO PIXEL ART & NOSTALGIC SOUNDTRACK
Experience classic 90s handheld and arcade gaming vibes with handcrafted pixel graphics and dynamic chiptune sound effects.
⭐ 100% OFFLINE PLAY
No Wi-Fi? No internet? No problem! Play anywhere, anytime without an active internet connection.
⭐ INTUITIVE TOUCH CONTROLS
Silky-smooth, responsive controls designed specifically for mobile touchscreens. Easy to learn, challenging to master!

HOW TO PLAY:
- Drag or touch to steer your starship.
- Dodge incoming asteroids, lasers, and enemy ships.
- Collect weapon upgrades and shields to dominate the battlefield.
- Defeat the boss at the end of each sector to unlock new challenges!
- Tap ""WORLD RANKING"" to challenge top pilots and compare your best scores on the global leaderboard!

Gear up, pilot! The galaxy needs a hero. Download Space Dodger now and start dodging!",https://www.youtube.com/watch?v=MUCJ-uLL5cg
zu,Space Dodger,"Gwema izingozi zasemkhathini, bhubhisa imikhumbi yabafokazi futhi unqobe amaz...","★ Space Dodger — Zulu Edition ★

Blast off into a thrilling retro space adventure!

Space Dodger is a fast-paced classic arcade shoot 'em up that tests your reflexes and dodging skills. Take command of your starship, navigate through dense asteroid fields, and battle endless waves of hostile alien fleets across deep space.

Whether you're looking for quick casual action or aiming to master all 100 challenging levels, Space Dodger delivers pure nostalgic arcade excitement with modern, ultra-responsive touch controls.

🚀 KEY FEATURES:
⭐ 100 ACTION-PACKED LEVELS
Embark on an epic cosmic campaign. Each stage brings new enemy formations, dynamic hazards, and intense bullet patterns.
⭐ EPIC BOSS ENCOUNTERS
Face off against powerful alien motherships and bosses with unique attack strategies and movement patterns.
⭐ GLOBAL LEADERBOARDS & WORLD RANKING
Think you're the sharpest pilot in deep space? Compete with players worldwide! Tap the ""WORLD RANKING"" button on the high score screen to access Google Play Games leaderboards, track your rank against top aces across the globe, and fight for the top spot on the universal leaderboard!
⭐ POWERFUL UPGRADES & SHIELD SYSTEMS
Collect in-game power-ups to upgrade your laser firepower, activate impenetrable energy shields, and trigger rapid-fire boosts.
⭐ RETRO PIXEL ART & NOSTALGIC SOUNDTRACK
Experience classic 90s handheld and arcade gaming vibes with handcrafted pixel graphics and dynamic chiptune sound effects.
⭐ 100% OFFLINE PLAY
No Wi-Fi? No internet? No problem! Play anywhere, anytime without an active internet connection.
⭐ INTUITIVE TOUCH CONTROLS
Silky-smooth, responsive controls designed specifically for mobile touchscreens. Easy to learn, challenging to master!

HOW TO PLAY:
- Drag or touch to steer your starship.
- Dodge incoming asteroids, lasers, and enemy ships.
- Collect weapon upgrades and shields to dominate the battlefield.
- Defeat the boss at the end of each sector to unlock new challenges!
- Tap ""WORLD RANKING"" to challenge top pilots and compare your best scores on the global leaderboard!

Gear up, pilot! The galaxy needs a hero. Download Space Dodger now and start dodging!",https://www.youtube.com/watch?v=MUCJ-uLL5cg
